Date,Open,High,Low,Close,Volume,ExDividend,SplitRatio,AdjOpen,AdjHigh,AdjLow,AdjClose,AdjVolume
2018-03-27,37.21,37.22,36.25,36.48,8811943.0,0.0,1.0,37.21,37.22,36.25,36.48,8811943.0
2018-03-26,36.59,37.13,36.3,37.03,9143000.0,0.0,1.0,36.59,37.13,36.3,37.03,9143000.0
2018-03-23,36.78,37.075,36.09,36.12,6616963.0,0.0,1.0,36.78,37.075,36.09,36.12,6616963.0
2018-03-22,36.54,37.11,36.19,36.75,10271922.0,0.0,1.0,36.54,37.11,36.19,36.75,10271922.0
2018-03-21,36.65,37.18,36.6,36.86,7668752.0,0.0,1.0,36.65,37.18,36.6,36.86,7668752.0
2018-03-20,36.91,37.09,36.56,36.69,10553021.0,0.0,1.0,36.91,37.09,36.56,36.69,10553021.0
2018-03-19,36.95,37.12,36.415,36.78,7249051.0,0.0,1.0,36.95,37.12,36.415,36.78,7249051.0
2018-03-16,37.3,37.6,37.13,37.14,11425140.0,0.0,1.0,37.3,37.6,37.13,37.14,11425140.0
2018-03-15,37.64,37.73,37.13,37.15,5535143.0,0.0,1.0,37.64,37.73,37.13,37.15,5535143.0
2018-03-14,37.52,37.7799,37.39,37.69,5020094.0,0.0,1.0,37.52,37.7799,37.39,37.69,5020094.0
2018-03-13,38.0,38.16,37.24,37.41,5740687.0,0.0,1.0,38.0,38.16,37.24,37.41,5740687.0
2018-03-12,37.73,38.27,37.58,37.98,6027801.0,0.0,1.0,37.73,38.27,37.58,37.98,6027801.0
2018-03-09,37.32,37.75,37.27,37.73,6118212.0,0.0,1.0,37.32,37.75,37.27,37.73,6118212.0
2018-03-08,37.18,37.445,36.93,37.18,4969777.0,0.0,1.0,37.18,37.445,36.93,37.18,4969777.0
2018-03-07,37.24,37.48,36.67,37.02,7465016.0,0.0,1.0,37.24,37.48,36.67,37.02,7465016.0
2018-03-06,36.64,37.55,36.525,37.54,7878395.0,0.0,1.0,36.64,37.55,36.525,37.54,7878395.0
2018-03-05,36.14,37.135,36.0,36.65,7910316.0,0.0,1.0,36.14,37.135,36.0,36.65,7910316.0
2018-03-02,35.86,36.465,35.53,36.37,12111025.0,0.0,1.0,35.86,36.465,35.53,36.37,12111025.0
2018-03-01,36.82,37.11,35.82,35.92,14516840.0,0.0,1.0,36.82,37.11,35.82,35.92,14516840.0
2018-02-28,37.76,37.98,36.82,36.82,12730904.0,0.0,1.0,37.76,37.98,36.82,36.82,12730904.0
2018-02-27,38.41,38.68,37.6,37.63,13520026.0,0.0,1.0,38.41,38.68,37.6,37.63,13520026.0
2018-02-26,38.07,38.87,38.02,38.81,5024693.0,0.0,1.0,38.07,38.87,38.02,38.81,5024693.0
2018-02-23,37.4,38.04,37.13,38.01,4936699.0,0.0,1.0,37.4,38.04,37.13,38.01,4936699.0
2018-02-22,37.24,37.42,37.01,37.16,5237733.0,0.0,1.0,37.24,37.42,37.01,37.16,5237733.0
2018-02-21,37.14,37.69,37.03,37.05,4509093.0,0.0,1.0,37.14,37.69,37.03,37.05,4509093.0
2018-02-20,37.32,37.61,37.03,37.13,5956242.0,0.0,1.0,37.32,37.61,37.03,37.13,5956242.0
2018-02-16,36.89,37.71,36.86,37.46,5508046.0,0.0,1.0,36.89,37.71,36.86,37.46,5508046.0
2018-02-15,36.7,37.07,36.495,36.96,5134833.0,0.0,1.0,36.7,37.07,36.495,36.96,5134833.0
2018-02-14,36.19,36.835,36.19,36.55,6903701.0,0.0,1.0,36.19,36.835,36.19,36.55,6903701.0
2018-02-13,35.99,36.82,35.87,36.58,7123304.0,0.0,1.0,35.99,36.82,35.87,36.58,7123304.0
2018-02-12,36.34,36.9,36.18,36.4,12275628.0,0.0,1.0,36.34,36.9,36.18,36.4,12275628.0
2018-02-09,34.77,35.95,34.12,35.65,16276901.0,0.0,1.0,34.77,35.95,34.12,35.65,16276901.0
2018-02-08,36.09,36.35,34.53,34.53,9516625.0,0.0,1.0,36.09,36.35,34.53,34.53,9516625.0
2018-02-07,36.84,37.41,35.99,36.06,7355387.0,0.0,1.0,36.84,37.41,35.99,36.06,7355387.0
2018-02-06,35.43,36.81,35.15,36.8,11513466.0,0.0,1.0,35.43,36.81,35.15,36.8,11513466.0
2018-02-05,36.6,37.62,36.06,36.18,10469741.0,0.0,1.0,36.6,37.62,36.06,36.18,10469741.0
2018-02-02,36.78,37.415,36.56,36.72,8001139.0,0.0,1.0,36.78,37.415,36.56,36.72,8001139.0
2018-02-01,36.91,37.54,36.68,37.01,11653291.0,0.0,1.0,36.91,37.54,36.68,37.01,11653291.0
2018-01-31,38.52,38.52,36.67,36.9,13010217.0,0.0,1.0,38.52,38.52,36.67,36.9,13010217.0
2018-01-30,38.94,39.135,38.46,38.46,6963808.0,0.0,1.0,38.94,39.135,38.46,38.46,6963808.0
2018-01-29,38.7,39.04,38.61,38.74,6311279.0,0.0,1.0,38.7,39.04,38.61,38.74,6311279.0
2018-01-26,38.25,38.95,37.86,38.81,9622581.0,0.0,1.0,38.25,38.95,37.86,38.81,9622581.0
2018-01-25,38.08,38.33,37.93,38.18,10531844.0,0.0,1.0,38.08,38.33,37.93,38.18,10531844.0
2018-01-24,37.69,38.51,37.6,38.0,14505866.0,0.0,1.0,37.69,38.51,37.6,38.0,14505866.0
2018-01-23,37.0,37.72,36.7538,37.51,10036206.0,0.0,1.0,37.0,37.72,36.7538,37.51,10036206.0
2018-01-22,36.79,37.48,36.41,37.31,11773628.0,0.0,1.0,36.79,37.48,36.41,37.31,11773628.0
2018-01-19,36.03,36.69,35.97,36.65,17958933.0,0.0,1.0,36.03,36.69,35.97,36.65,17958933.0
2018-01-18,36.91,36.95,36.0,36.18,14119587.0,0.0,1.0,36.91,36.95,36.0,36.18,14119587.0
2018-01-17,36.53,37.13,36.3401,37.11,6053514.0,0.0,1.0,36.53,37.13,36.3401,37.11,6053514.0
2018-01-16,36.82,36.9,36.26,36.29,7061029.0,0.0,1.0,36.82,36.9,36.26,36.29,7061029.0
2018-01-12,36.28,36.84,36.12,36.73,6637007.0,0.0,1.0,36.28,36.84,36.12,36.73,6637007.0
2018-01-11,35.7,36.3,35.6,36.2,9359070.0,0.0,1.0,35.7,36.3,35.6,36.2,9359070.0
2018-01-10,36.55,36.69,35.305,35.6,16371460.0,0.0,1.0,36.55,36.69,35.305,35.6,16371460.0
2018-01-09,36.22,36.72,36.21,36.54,6188706.0,0.0,1.0,36.22,36.72,36.21,36.54,6188706.0
2018-01-08,36.49,36.6,35.895,36.24,9711211.0,0.0,1.0,36.49,36.6,35.895,36.24,9711211.0
2018-01-05,36.9,36.96,36.49,36.75,8938597.0,0.0,1.0,36.9,36.96,36.49,36.75,8938597.0
2018-01-04,36.67,36.855,36.39,36.82,6880287.0,0.0,1.0,36.67,36.855,36.39,36.82,6880287.0
2018-01-03,35.99,36.89,35.965,36.54,15261871.0,0.0,1.0,35.99,36.89,35.965,36.54,15261871.0
2018-01-02,34.77,35.94,34.72,35.86,10880121.0,0.0,1.0,34.77,35.94,34.72,35.86,10880121.0
2017-12-29,34.3,34.7,34.3,34.53,8046143.0,0.0,1.0,34.3,34.7,34.3,34.53,8046143.0
2017-12-28,34.69,34.69,34.38,34.48,3409857.0,0.0,1.0,34.69,34.69,34.38,34.48,3409857.0
2017-12-27,34.71,34.75,34.48,34.55,4764857.0,0.0,1.0,34.71,34.75,34.48,34.55,4764857.0
2017-12-26,35.31,35.43,34.59,34.6,4378649.0,0.0,1.0,35.31,35.43,34.59,34.6,4378649.0
2017-12-22,35.09,35.35,34.88,35.24,6229251.0,0.0,1.0,35.09,35.35,34.88,35.24,6229251.0
2017-12-21,34.2,35.33,34.13,35.11,13005898.0,0.0,1.0,34.2,35.33,34.13,35.11,13005898.0
2017-12-20,35.05,35.29,34.26,34.27,15030078.0,0.0,1.0,35.05,35.29,34.26,34.27,15030078.0
2017-12-19,35.17,35.46,34.93,35.06,15443966.0,0.0,1.0,35.17,35.46,34.93,35.06,15443966.0
2017-12-18,35.0,35.53,34.76,35.19,21049701.0,0.0,1.0,35.0,35.53,34.76,35.19,21049701.0
2017-12-15,34.91,35.8599,34.77,34.99,33857068.0,0.0,1.0,34.91,35.8599,34.77,34.99,33857068.0
2017-12-14,32.42,35.15,32.35,34.88,54798805.0,0.0,1.0,32.42,35.15,32.35,34.88,54798805.0
2017-12-13,33.77,33.78,32.38,32.75,21185335.0,0.0,1.0,33.77,33.78,32.38,32.75,21185335.0
2017-12-12,33.87,34.18,33.25,34.1,17759449.0,0.0,1.0,33.87,34.18,33.25,34.1,17759449.0
2017-12-11,33.43,33.77,33.21,33.66,9185186.0,0.0,1.0,33.43,33.77,33.21,33.66,9185186.0
2017-12-08,34.41,34.4971,33.25,33.3,12962837.0,0.0,1.0,34.41,34.4971,33.25,33.3,12962837.0
2017-12-07,33.35,34.75,33.13,34.18,26182885.0,0.0,1.0,33.35,34.75,33.13,34.18,26182885.0
2017-12-06,33.3,33.94,32.71,33.21,16131653.0,0.0,1.0,33.3,33.94,32.71,33.21,16131653.0
2017-12-05,33.13,34.48,32.91,32.99,22797529.0,0.0,1.0,33.13,34.48,32.91,32.99,22797529.0
2017-12-04,32.63,34.02,32.5841,33.09,15774651.0,0.0,1.0,32.63,34.02,32.5841,33.09,15774651.0
2017-12-01,31.49,32.35,31.37,32.19,11872619.0,0.0,1.0,31.49,32.35,31.37,32.19,11872619.0
2017-11-30,31.87,32.26,31.52,31.94,10300970.0,0.0,1.0,31.87,32.26,31.52,31.94,10300970.0
2017-11-29,31.04,32.31,31.02,32.1,11225759.0,0.0,1.0,31.04,32.31,31.02,32.1,11225759.0
2017-11-28,30.6,30.91,30.32,30.86,7366344.0,0.0,1.0,30.6,30.91,30.32,30.86,7366344.0
2017-11-27,30.43,30.56,30.32,30.39,3923383.0,0.0,1.0,30.43,30.56,30.32,30.39,3923383.0
2017-11-24,30.45,30.8,30.36,30.47,2150921.0,0.0,1.0,30.45,30.8,30.36,30.47,2150921.0
2017-11-22,30.87,30.96,30.55,30.6,4404767.0,0.0,1.0,30.87,30.96,30.55,30.6,4404767.0
2017-11-21,30.71,31.1,30.41,30.88,6944414.0,0.0,1.0,30.71,31.1,30.41,30.88,6944414.0
2017-11-20,31.02,31.62,30.39,30.66,13273204.0,0.0,1.0,31.02,31.62,30.39,30.66,13273204.0
2017-11-17,31.19,31.465,30.22,31.15,35019993.0,0.0,1.0,31.19,31.465,30.22,31.15,35019993.0
2017-11-16,28.36,29.55,28.36,29.32,9893558.0,0.0,1.0,28.36,29.55,28.36,29.32,9893558.0
2017-11-15,27.88,28.83,27.531,28.73,15024660.0,0.0,1.0,27.88,28.83,27.531,28.73,15024660.0
2017-11-14,28.31,28.48,27.77,28.03,8551145.0,0.0,1.0,28.31,28.48,27.77,28.03,8551145.0
2017-11-13,28.66,28.78,28.195,28.55,5732596.0,0.0,1.0,28.66,28.78,28.195,28.55,5732596.0
2017-11-10,28.98,29.95,28.74,28.84,14781039.0,0.0,1.0,28.98,29.95,28.74,28.84,14781039.0
2017-11-09,27.33,29.77,27.29,28.7,18937920.0,0.0,1.0,27.33,29.77,27.29,28.7,18937920.0
2017-11-07,27.42,28.6,27.42,27.75,25544449.0,0.0,1.0,27.42,28.6,27.42,27.75,25544449.0
2017-11-06,24.93,27.53,24.81,27.45,29749274.0,0.0,1.0,24.93,27.53,24.81,27.45,29749274.0
2017-11-03,25.78,25.89,24.91,24.97,11421584.0,0.0,1.0,25.78,25.89,24.91,24.97,11421584.0
2017-11-02,26.0,26.17,25.56,25.81,10060253.0,0.0,1.0,26.0,26.17,25.56,25.81,10060253.0
2017-11-01,26.29,26.515,25.95,25.98,4713172.0,0.0,1.0,26.29,26.515,25.95,25.98,4713172.0
2017-10-31,26.48,26.48,26.01,26.15,4372149.0,0.0,1.0,26.48,26.48,26.01,26.15,4372149.0
2017-10-30,26.3,26.7,26.19,26.39,4905567.0,0.0,1.0,26.3,26.7,26.19,26.39,4905567.0
2017-10-27,26.03,26.44,25.56,26.41,8554960.0,0.0,1.0,26.03,26.44,25.56,26.41,8554960.0
2017-10-26,26.32,26.685,26.05,26.31,5164100.0,0.0,1.0,26.32,26.685,26.05,26.31,5164100.0
2017-10-25,26.18,26.35,26.0,26.13,4057559.0,0.0,1.0,26.18,26.35,26.0,26.13,4057559.0
2017-10-24,26.62,26.7,26.21,26.23,5246454.0,0.0,1.0,26.62,26.7,26.21,26.23,5246454.0
2017-10-23,27.51,27.57,26.64,26.69,5625939.0,0.0,1.0,27.51,27.57,26.64,26.69,5625939.0
2017-10-20,27.55,27.635,27.305,27.5,7271301.0,0.0,1.0,27.55,27.635,27.305,27.5,7271301.0
2017-10-19,27.07,27.405,26.955,27.37,5713609.0,0.0,1.0,27.07,27.405,26.955,27.37,5713609.0
2017-10-18,26.96,27.39,26.84,27.18,8359862.0,0.0,1.0,26.96,27.39,26.84,27.18,8359862.0
2017-10-17,26.56,26.92,26.55,26.88,4710261.0,0.0,1.0,26.56,26.92,26.55,26.88,4710261.0
2017-10-16,26.54,26.87,26.42,26.69,5744287.0,0.0,1.0,26.54,26.87,26.42,26.69,5744287.0
2017-10-13,26.29,26.58,26.08,26.52,9832093.0,0.0,1.0,26.29,26.58,26.08,26.52,9832093.0
2017-10-12,25.8,26.41,25.78,26.14,13138947.0,0.0,1.0,25.8,26.41,25.78,26.14,13138947.0
2017-10-11,26.63,26.63,25.8,26.11,14978585.0,0.0,1.0,26.63,26.63,25.8,26.11,14978585.0
2017-10-10,26.64,27.18,26.59,26.77,8485011.0,0.0,1.0,26.64,27.18,26.59,26.77,8485011.0
2017-10-09,27.0,27.01,26.57,26.58,3955535.0,0.0,1.0,27.0,27.01,26.57,26.58,3955535.0
2017-10-06,26.96,27.02,26.73,26.99,6353878.0,0.0,1.0,26.96,27.02,26.73,26.99,6353878.0
2017-10-05,27.2,27.3,26.845,26.95,8477797.0,0.0,1.0,27.2,27.3,26.845,26.95,8477797.0
2017-10-04,26.63,27.305,26.515,27.1,10937746.0,0.0,1.0,26.63,27.305,26.515,27.1,10937746.0
2017-10-03,26.65,26.77,26.45,26.63,5022249.0,0.0,1.0,26.65,26.77,26.45,26.63,5022249.0
2017-10-02,26.51,26.86,26.35,26.6,6669145.0,0.0,1.0,26.51,26.86,26.35,26.6,6669145.0
2017-09-29,26.57,26.665,26.24,26.38,8836328.0,0.0,1.0,26.57,26.665,26.24,26.38,8836328.0
2017-09-28,27.12,27.22,26.5,26.56,8092189.0,0.0,1.0,27.12,27.22,26.5,26.56,8092189.0
2017-09-27,27.09,27.35,26.66,27.32,7816056.0,0.0,1.0,27.09,27.35,26.66,27.32,7816056.0
2017-09-26,27.22,27.22,26.9,26.95,5223259.0,0.0,1.0,27.22,27.22,26.9,26.95,5223259.0
2017-09-25,26.88,27.32,26.81,27.12,7589603.0,0.0,1.0,26.88,27.32,26.81,27.12,7589603.0
2017-09-22,26.67,26.93,26.66,26.88,2289145.0,0.0,1.0,26.67,26.93,26.66,26.88,2289145.0
2017-09-21,26.9,26.95,26.66,26.76,3539784.0,0.0,1.0,26.9,26.95,26.66,26.76,3539784.0
2017-09-20,26.74,26.95,26.6136,26.87,3996131.0,0.0,1.0,26.74,26.95,26.6136,26.87,3996131.0
2017-09-19,26.57,26.73,26.34,26.7,7832583.0,0.0,1.0,26.57,26.73,26.34,26.7,7832583.0
2017-09-18,27.0,27.13,26.315,26.5,6071456.0,0.0,1.0,27.0,27.13,26.315,26.5,6071456.0
2017-09-15,26.41,27.11,26.34,27.05,8907538.0,0.0,1.0,26.41,27.11,26.34,27.05,8907538.0
2017-09-14,26.47,26.58,26.23,26.5,8106524.0,0.0,1.0,26.47,26.58,26.23,26.5,8106524.0
2017-09-13,25.91,26.6,25.7801,26.59,10196276.0,0.0,1.0,25.91,26.6,25.7801,26.59,10196276.0
2017-09-12,25.83,25.92,25.59,25.9,6020051.0,0.18,1.0,25.83,25.92,25.59,25.9,6020051.0
2017-09-11,25.94,26.07,25.81,26.06,6527285.0,0.0,1.0,25.760966257669,25.890069018404997,25.631863496932997,25.880138036810003,6527285.0
2017-09-08,25.75,25.87,25.49,25.79,7742737.0,0.0,1.0,25.572277607361997,25.691449386503,25.314072085889997,25.612001533742,7742737.0
2017-09-07,26.5,26.575,25.135,25.79,12985526.0,0.0,1.0,26.317101226993998,26.391583588957,24.961522239264003,25.612001533742,12985526.0
2017-09-06,26.68,26.7,26.18,26.43,8259029.0,0.0,1.0,26.495858895706,26.515720858896,25.999309815950998,26.247584355828,8259029.0
2017-09-05,27.49,27.55,26.41,26.58,7774881.0,0.0,1.0,27.300268404908,27.359854294479,26.227722392638,26.396549079755,7774881.0
2017-09-01,27.65,27.8,27.49,27.49,3580814.0,0.0,1.0,27.459164110429,27.608128834356,27.300268404908,27.300268404908,3580814.0
2017-08-31,27.5,27.78,27.46,27.59,6237606.0,0.0,1.0,27.310199386503,27.588266871166,27.270475460123,27.399578220859,6237606.0
2017-08-30,27.29,27.72,27.28,27.45,3721565.0,0.0,1.0,27.101648773006,27.528680981595002,27.091717791411,27.260544478528,3721565.0
2017-08-29,27.12,27.55,27.08,27.35,4222752.0,0.0,1.0,26.93282208589,27.359854294479,26.893098159509,27.161234662576998,4222752.0
2017-08-28,27.31,27.54,27.2,27.25,5296227.0,0.0,1.0,27.121510736195997,27.349923312883,27.012269938649997,27.061924846626,5296227.0
2017-08-25,27.2,27.47,27.08,27.25,3907287.0,0.0,1.0,27.012269938649997,27.280406441718,26.893098159509,27.061924846626,3907287.0
2017-08-24,27.18,27.27,27.05,27.1,3855883.0,0.0,1.0,26.99240797546,27.081786809816,26.863305214724,26.912960122698998,3855883.0
2017-08-23,27.38,27.395,27.125,27.15,5489965.0,0.0,1.0,27.191027607362,27.205924079755,26.937787576687,26.962615030675,5489965.0
2017-08-22,27.46,27.52,27.285,27.43,3114204.0,0.0,1.0,27.270475460123,27.330061349692997,27.096683282209,27.240682515337,3114204.0
2017-08-21,27.29,27.39,27.015,27.37,4495456.0,0.0,1.0,27.101648773006,27.200958588957,26.828546779141,27.181096625767,4495456.0
2017-08-18,27.17,27.57,27.17,27.26,4499952.0,0.0,1.0,26.982476993865,27.379716257669,26.982476993865,27.071855828221,4499952.0
2017-08-17,27.91,28.05,27.3,27.35,4559074.0,0.0,1.0,27.717369631902,27.856403374232997,27.111579754601003,27.161234662576998,4559074.0
2017-08-16,27.84,28.135,27.81,27.99,4354098.0,0.0,1.0,27.647852760735997,27.940816717790998,27.618059815951,27.796817484663,4354098.0
2017-08-15,28.22,28.27,27.84,27.85,8080078.0,0.0,1.0,28.02523006135,28.074884969324998,27.647852760735997,27.657783742331,8080078.0
2017-08-14,28.37,28.6,28.17,28.21,5825609.0,0.0,1.0,28.174194785275997,28.402607361963,27.975575153374,28.015299079755,5825609.0
2017-08-11,28.15,28.34,27.89,28.21,6789305.0,0.0,1.0,27.955713190184003,28.144401840491,27.697507668712,28.015299079755,6789305.0
2017-08-10,29.1,29.6,27.865,27.88,12365532.0,0.0,1.0,28.899156441718002,29.395705521472,27.672680214724004,27.687576687116998,12365532.0
2017-08-09,27.7,27.95,27.16,27.9,11045283.0,0.0,1.0,27.508819018405,27.757093558281998,26.97254601227,27.707438650307,11045283.0
2017-08-08,28.17,28.38,27.91,28.025,6649809.0,0.0,1.0,27.975575153374,28.184125766871,27.717369631902,27.831575920244997,6649809.0
2017-08-07,28.46,28.525,28.18,28.2,5058513.0,0.0,1.0,28.263573619632,28.328125,27.985506134969,28.005368098159998,5058513.0
2017-08-04,28.45,28.68,28.065,28.46,6248998.0,0.0,1.0,28.253642638037,28.482055214724003,27.871299846626002,28.263573619632,6248998.0
2017-08-03,28.73,29.08,28.66,28.81,8271547.0,0.0,1.0,28.531710122699,28.879294478528,28.462193251534,28.611157975459996,8271547.0
2017-08-02,28.81,29.09,28.5444,28.69,9154378.0,0.0,1.0,28.611157975459996,28.889225460123,28.347391104294,28.491986196318997,9154378.0
2017-08-01,29.22,29.55,29.13,29.23,10962600.0,0.0,1.0,29.018328220858997,29.346050613497,28.928949386503,29.028259202454,10962600.0
2017-07-31,29.4,29.4,28.9,29.1,9140358.0,0.0,1.0,29.197085889571,29.197085889571,28.700536809815997,28.899156441718002,9140358.0
2017-07-28,29.55,29.63,29.2,29.37,8298699.0,0.0,1.0,29.346050613497,29.425498466258002,28.998466257669,29.167292944785,8298699.0
2017-07-27,28.48,29.63,28.37,29.63,16134062.0,0.0,1.0,28.283435582821998,29.425498466258002,28.174194785275997,29.425498466258002,16134062.0
2017-07-26,28.01,28.305,27.89,28.18,6488608.0,0.0,1.0,27.816679447852998,28.109643404908,27.697507668712,27.985506134969,6488608.0
2017-07-25,27.68,28.05,27.52,27.93,9676708.0,0.0,1.0,27.488957055215,27.856403374232997,27.330061349692997,27.737231595092002,9676708.0
2017-07-24,27.8,27.86,27.49,27.68,6778025.0,0.0,1.0,27.608128834356,27.667714723926,27.300268404908,27.488957055215,6778025.0
2017-07-21,27.77,28.09,27.71,27.84,6311621.0,0.0,1.0,27.578335889571,27.896127300613,27.51875,27.647852760735997,6311621.0
2017-07-20,27.76,28.06,27.35,27.79,7010056.0,0.0,1.0,27.568404907975,27.866334355828,27.161234662576998,27.598197852761,7010056.0
2017-07-19,27.52,27.72,27.35,27.64,8484306.0,0.0,1.0,27.330061349692997,27.528680981595002,27.161234662576998,27.449233128834,8484306.0
2017-07-18,27.37,27.49,26.84,27.37,8025207.0,0.0,1.0,27.181096625767,27.300268404908,26.654754601227,27.181096625767,8025207.0
2017-07-17,27.74,27.82,27.29,27.38,11456586.0,0.0,1.0,27.548542944784998,27.627990797546,27.101648773006,27.191027607362,11456586.0
2017-07-14,27.74,28.06,27.515,27.74,9116662.0,0.0,1.0,27.548542944784998,27.866334355828,27.325095858896,27.548542944784998,9116662.0
2017-07-13,28.52,28.81,27.4,27.56,16817532.0,0.0,1.0,28.323159509202,28.611157975459996,27.210889570552002,27.369785276073998,16817532.0
2017-07-12,28.4,28.675,28.32,28.65,8724380.0,0.0,1.0,28.203987730061,28.477089723926,28.124539877301,28.452262269939,8724380.0
2017-07-11,28.2,28.28,28.03,28.1,7371310.0,0.0,1.0,28.005368098159998,28.08481595092,27.836541411043,27.906058282209,7371310.0
2017-07-10,27.87,28.345,27.83,28.3,7050171.0,0.0,1.0,27.677645705521,28.149367331287998,27.637921779141003,28.10467791411,7050171.0
2017-07-07,27.92,28.15,27.75,27.9,6609087.0,0.0,1.0,27.727300613497,27.955713190184003,27.55847392638,27.707438650307,6609087.0
2017-07-06,28.22,28.23,27.9,27.95,6862006.0,0.0,1.0,28.02523006135,28.035161042945,27.707438650307,27.757093558281998,6862006.0
2017-07-05,28.62,28.62,28.245,28.36,8232808.0,0.0,1.0,28.422469325153,28.422469325153,28.050057515337,28.164263803681003,8232808.0
2017-07-03,28.47,28.81,28.35,28.52,4520062.0,0.0,1.0,28.273504601227003,28.611157975459996,28.154332822086,28.323159509202,4520062.0
2017-06-30,28.25,28.37,27.86,28.34,7715489.0,0.0,1.0,28.055023006135002,28.174194785275997,27.667714723926,28.144401840491,7715489.0
2017-06-29,28.06,28.81,27.95,28.19,8623574.0,0.0,1.0,27.866334355828,28.611157975459996,27.757093558281998,27.995437116564002,8623574.0
2017-06-28,27.72,28.445,27.72,28.11,7238524.0,0.0,1.0,27.528680981595002,28.248677147238997,27.528680981595002,27.915989263804,7238524.0
2017-06-27,27.99,28.23,27.61,27.61,8663492.0,0.0,1.0,27.796817484663,28.035161042945,27.419440184049,27.419440184049,8663492.0
2017-06-26,27.32,28.26,27.26,28.04,9251079.0,0.0,1.0,27.131441717791,28.064953987729996,27.071855828221,27.846472392638002,9251079.0
2017-06-23,26.93,27.23,26.765,27.19,10363405.0,0.0,1.0,26.744133435583,27.042062883436,26.580272239264,27.002338957055002,10363405.0
2017-06-22,27.29,27.29,26.94,26.97,5448577.0,0.0,1.0,27.101648773006,27.101648773006,26.754064417178,26.783857361963,5448577.0
2017-06-21,27.25,27.54,26.9,27.2595,7198124.0,0.0,1.0,27.061924846626,27.349923312883,26.714340490798,27.071359279141003,7198124.0
2017-06-20,27.74,27.78,27.01,27.18,9295955.0,0.0,1.0,27.548542944784998,27.588266871166,26.823581288344002,26.99240797546,9295955.0
2017-06-19,27.55,27.9,27.3,27.8,4921547.0,0.0,1.0,27.359854294479,27.707438650307,27.111579754601003,27.608128834356,4921547.0
2017-06-16,27.5,27.76,27.195,27.45,9751355.0,0.0,1.0,27.310199386503,27.568404907975,27.007304447853,27.260544478528,9751355.0
2017-06-15,27.5,27.81,27.45,27.74,7234297.0,0.0,1.0,27.310199386503,27.618059815951,27.260544478528,27.548542944784998,7234297.0
2017-06-14,28.1,28.25,27.42,27.61,10472351.0,0.0,1.0,27.906058282209,28.055023006135002,27.230751533741998,27.419440184049,10472351.0
2017-06-13,28.61,28.64,28.03,28.06,7536578.0,0.0,1.0,28.412538343558,28.442331288344,27.836541411043,27.866334355828,7536578.0
2017-06-12,28.2,29.03,28.11,28.74,15352589.0,0.0,1.0,28.005368098159998,28.829639570552,27.915989263804,28.541641104294,15352589.0
2017-06-09,27.34,28.2,27.2,28.18,15085946.0,0.0,1.0,27.151303680982,28.005368098159998,27.012269938649997,27.985506134969,15085946.0
2017-06-08,27.5,27.61,27.055,27.4,6484767.0,0.0,1.0,27.310199386503,27.419440184049,26.868270705521002,27.210889570552002,6484767.0
2017-06-07,27.56,27.8,27.425,27.58,6543676.0,0.0,1.0,27.369785276073998,27.608128834356,27.23571702454,27.389647239264,6543676.0
2017-06-06,27.66,27.94,27.48,27.53,10963289.0,0.0,1.0,27.469095092025,27.747162576687003,27.290337423312998,27.339992331288,10963289.0
2017-06-05,27.84,27.89,27.39,27.74,10459362.0,0.0,1.0,27.647852760735997,27.697507668712,27.200958588957,27.548542944784998,10459362.0
2017-06-02,27.86,28.21,27.78,27.93,18695789.0,0.0,1.0,27.667714723926,28.015299079755,27.588266871166,27.737231595092002,18695789.0
2017-06-01,27.26,27.84,27.07,27.82,11539265.0,0.0,1.0,27.071855828221,27.647852760735997,26.883167177914,27.627990797546,11539265.0
2017-05-31,27.18,27.18,26.89,27.12,6770183.0,0.0,1.0,26.99240797546,26.99240797546,26.704409509201998,26.93282208589,6770183.0
2017-05-30,26.94,27.12,26.84,27.05,5510411.0,0.0,1.0,26.754064417178,26.93282208589,26.654754601227,26.863305214724,5510411.0
2017-05-26,27.31,27.36,26.96,27.03,8206207.0,0.0,1.0,27.121510736195997,27.171165644172,26.773926380368,26.843443251533998,8206207.0
2017-05-25,26.9,27.78,26.67,27.33,17221838.0,0.0,1.0,26.714340490798,27.588266871166,26.485927914110004,27.141372699387002,17221838.0
2017-05-24,26.87,26.92,26.64,26.87,4742195.0,0.0,1.0,26.684547546012002,26.734202453987997,26.456134969325,26.684547546012002,4742195.0
2017-05-23,27.36,27.36,26.61,26.74,11009353.0,0.0,1.0,27.171165644172,27.171165644172,26.42634202454,26.555444785276,11009353.0
2017-05-22,27.21,27.34,27.035,27.26,11342653.0,0.0,1.0,27.022200920244998,27.151303680982,26.848408742331,27.071855828221,11342653.0
2017-05-19,26.86,27.255,26.76,27.105,7458603.0,0.0,1.0,26.674616564417,27.066890337423,26.575306748466,26.917925613497,7458603.0
2017-05-18,26.87,27.05,26.72,26.86,6731919.0,0.0,1.0,26.684547546012002,26.863305214724,26.535582822086,26.674616564417,6731919.0
2017-05-17,27.11,27.1875,26.74,26.85,12780241.0,0.0,1.0,26.922891104294,26.999856211656,26.555444785276,26.664685582822,12780241.0
2017-05-16,27.7,27.79,27.015,27.34,17315699.0,0.0,1.0,27.508819018405,27.598197852761,26.828546779141,27.151303680982,17315699.0
2017-05-15,28.0,28.2,27.69,27.73,18421369.0,0.0,1.0,27.806748466258,28.005368098159998,27.498888036809998,27.538611963190004,18421369.0
2017-05-12,28.38,28.64,27.885,27.94,29154755.0,0.0,1.0,28.184125766871,28.442331288344,27.692542177914,27.747162576687003,29154755.0
2017-05-11,28.45,28.76,27.65,28.52,31068164.0,0.0,1.0,28.253642638037,28.561503067485,27.459164110429,28.323159509202,31068164.0
2017-05-10,28.07,28.27,27.77,27.9,27432545.0,0.0,1.0,27.876265337423,28.074884969324998,27.578335889571,27.707438650307,27432545.0
2017-05-09,28.35,28.51,28.04,28.23,14741657.0,0.0,1.0,28.154332822086,28.313228527607002,27.846472392638002,28.035161042945,14741657.0
2017-05-08,29.14,29.19,28.3201,28.4,16368775.0,0.0,1.0,28.938880368098,28.988535276074,28.124639187117,28.203987730061,16368775.0
2017-05-05,29.16,29.39,28.45,29.14,15403464.0,0.0,1.0,28.958742331288,29.187154907975,28.253642638037,28.938880368098,15403464.0
2017-05-04,28.8,29.32,27.75,29.04,17165065.0,0.0,1.0,28.601226993864998,29.117638036809996,27.55847392638,28.839570552147002,17165065.0
2017-05-03,30.5,30.5,28.705,28.88,21531162.0,0.0,1.0,30.289493865030998,30.289493865030998,28.506882668712002,28.680674846626,21531162.0
2017-05-02,30.44,30.51,30.28,30.43,6245105.0,0.0,1.0,30.229907975459994,30.299424846626,30.071012269938997,30.219976993865,6245105.0
2017-05-01,30.67,30.67,30.19,30.39,7205161.0,0.0,1.0,30.458320552147,30.458320552147,29.981633435583,30.180253067484998,7205161.0
2017-04-28,30.6,30.6,30.305,30.54,6654068.0,0.0,1.0,30.388803680981997,30.388803680981997,30.095839723926,30.329217791411,6654068.0
2017-04-27,30.81,30.83,30.49,30.56,4270178.0,0.0,1.0,30.597354294478997,30.617216257669,30.279562883435997,30.349079754601,4270178.0
2017-04-26,30.68,30.93,30.57,30.74,5010384.0,0.0,1.0,30.468251533742,30.71652607362,30.359010736195998,30.527837423313,5010384.0
2017-04-25,30.47,30.73,30.41,30.61,6217451.0,0.0,1.0,30.259700920245,30.517906441718,30.200115030675,30.398734662577,6217451.0
2017-04-24,31.11,31.13,30.16,30.35,9132305.0,0.0,1.0,30.895283742331,30.915145705521002,29.951840490798002,30.140529141104,9132305.0
2017-04-21,31.05,31.1599,30.64,30.7,5615095.0,0.0,1.0,30.835697852761,30.944839340491,30.428527607362,30.488113496932996,5615095.0
2017-04-20,30.59,31.16,30.39,31.07,7219875.0,0.0,1.0,30.378872699387003,30.944938650307,30.180253067484998,30.855559815951,7219875.0
2017-04-19,30.77,30.92,30.385,30.39,9324061.0,0.0,1.0,30.557630368098,30.706595092024997,30.175287576687,30.180253067484998,9324061.0
2017-04-18,30.68,30.775,30.415,30.66,5407575.0,0.0,1.0,30.468251533742,30.562595858896,30.205080521472002,30.448389570552003,5407575.0
2017-04-17,30.59,30.8,30.53,30.73,4017268.0,0.0,1.0,30.378872699387003,30.587423312883,30.319286809816,30.517906441718,4017268.0
2017-04-13,30.75,31.03,30.43,30.43,7498808.0,0.0,1.0,30.537768404908,30.815835889570998,30.219976993865,30.219976993865,7498808.0
2017-04-12,30.89,31.13,30.46,30.65,8697939.0,0.0,1.0,30.676802147239,30.915145705521002,30.249769938649997,30.438458588957,8697939.0
2017-04-11,31.13,31.285,30.79,31.15,5244927.0,0.0,1.0,30.915145705521002,31.069075920244998,30.577492331288,30.935007668712,5244927.0
2017-04-10,31.08,31.41,31.07,31.24,7836575.0,0.0,1.0,30.865490797546002,31.193213190184,30.855559815951,31.024386503067003,7836575.0
2017-04-07,31.14,31.25,30.83,31.07,4968497.0,0.0,1.0,30.925076687117,31.034317484663,30.617216257669,30.855559815951,4968497.0
2017-04-06,31.27,31.3574,30.65,31.12,9208274.0,0.0,1.0,31.054179447853,31.140976226994,30.438458588957,30.905214723926,9208274.0
2017-04-05,31.78,31.845,31.26,31.38,8602257.0,0.0,1.0,31.560659509201997,31.625210889571,31.044248466258,31.163420245399,8602257.0
2017-04-04,32.01,32.17,31.61,31.75,9084920.0,0.0,1.0,31.78907208589,31.947967791411,31.391832822086002,31.530866564417,9084920.0
2017-04-03,32.48,32.54,32.03,32.15,5842386.0,0.0,1.0,32.255828220859,32.315414110429,31.80893404908,31.928105828221003,5842386.0
2017-03-31,32.22,32.6,32.2,32.39,6709777.0,0.0,1.0,31.997622699387,32.375,31.977760736195997,32.166449386503,6709777.0
2017-03-30,32.04,32.39,32.01,32.36,4124697.0,0.0,1.0,31.818865030675003,32.166449386503,31.78907208589,32.136656441718,4124697.0
2017-03-29,32.31,32.485,32.07,32.11,7239136.0,0.0,1.0,32.087001533742,32.260793711656,31.848657975459997,31.88838190184,7239136.0
2017-03-28,31.76,32.575,31.75,32.44,11092308.0,0.0,1.0,31.540797546012,32.350172546012004,31.530866564417,32.216104294478995,11092308.0
2017-03-27,31.4,32.05,31.31,31.9,11019121.0,0.0,1.0,31.183282208589002,31.82879601227,31.093903374232998,31.679831288344,11019121.0
2017-03-24,31.38,31.845,31.26,31.52,10347802.0,0.0,1.0,31.163420245399,31.625210889571,31.044248466258,31.302453987729997,10347802.0
2017-03-23,30.97,31.55,30.88,31.33,11218625.0,0.0,1.0,30.75625,31.332246932515,30.666871165644,31.113765337423,11218625.0
2017-03-22,30.63,31.09,30.49,30.97,6602471.0,0.0,1.0,30.418596625767,30.875421779141,30.279562883435997,30.75625,6602471.0
2017-03-21,30.77,30.86,30.52,30.56,9621313.0,0.0,1.0,30.557630368098,30.647009202454,30.309355828221,30.349079754601,9621313.0
2017-03-20,30.85,31.01,30.58,30.63,4134043.0,0.0,1.0,30.637078220859,30.79597392638,30.368941717791,30.418596625767,4134043.0
2017-03-17,30.97,31.03,30.65,30.82,9432188.0,0.0,1.0,30.75625,30.815835889570998,30.438458588957,30.607285276074,9432188.0
2017-03-16,30.68,30.78,30.4235,30.76,8728050.0,0.0,1.0,30.468251533742,30.567561349692998,30.213521855828,30.547699386503,8728050.0
2017-03-15,30.67,30.92,30.44,30.74,4065243.0,0.0,1.0,30.458320552147,30.706595092024997,30.229907975459994,30.527837423313,4065243.0
2017-03-14,30.49,30.61,30.32,30.52,4307010.0,0.0,1.0,30.279562883435997,30.398734662577,30.110736196319,30.309355828221,4307010.0
2017-03-13,30.4,30.55,30.35,30.5,5352321.0,0.18,1.0,30.19018404908,30.339148773006002,30.140529141104,30.289493865030998,5352321.0
2017-03-10,30.83,30.92,30.4,30.55,7785827.0,0.0,1.0,30.437584610785,30.526439058238,30.013057806289,30.161148552043,7785827.0
2017-03-09,30.36,30.83,30.36,30.7,6664232.0,0.0,1.0,29.973566940753997,30.437584610785,29.973566940753997,30.309239297797998,6664232.0
2017-03-08,30.59,30.6,30.325,30.35,4993331.0,0.0,1.0,30.200639417578,30.210512133961,29.939012433411,29.963694224370002,4993331.0
2017-03-07,30.61,30.77,30.23,30.52,6845864.0,0.0,1.0,30.220384850345003,30.378348312483002,29.845221627767,30.131530402891997,6845864.0
2017-03-06,30.41,31.03,30.29,30.69,10712346.0,0.0,1.0,30.022930522672,30.635038938458,29.904457926068,30.299366581414,10712346.0
2017-03-03,30.2,30.52,30.03,30.46,4421880.0,0.0,1.0,29.815603478615998,30.131530402891997,29.647767300094,30.07229410459,4421880.0
2017-03-02,30.33,30.48,30.09,30.2,6699193.0,0.0,1.0,29.943948791603,30.092039537357998,29.707003598394998,29.815603478615998,6699193.0
2017-03-01,30.2,30.73,30.15,30.41,8348620.0,0.0,1.0,29.815603478615998,30.338857446949,29.766239896697,30.022930522672,8348620.0
2017-02-28,30.33,30.42,29.9,29.92,8553473.0,0.0,1.0,29.943948791603,30.032803239056,29.519421987106,29.539167419873,8553473.0
2017-02-27,30.51,30.7,30.29,30.43,6475846.0,0.0,1.0,30.121657686509,30.309239297797998,29.904457926068,30.042675955439,6475846.0
2017-02-24,30.44,30.62,30.265,30.61,4930196.0,0.0,1.0,30.052548671823,30.230257566729,29.879776135109,30.220384850345003,4930196.0
2017-02-23,30.29,30.68,30.17,30.34,4368924.0,0.0,1.0,29.904457926068,30.289493865030998,29.785985329465,29.953821507986998,4368924.0
2017-02-22,30.39,30.6,30.39,30.47,4596911.0,0.0,1.0,30.003185089905,30.210512133961,30.003185089905,30.082166820974003,4596911.0
2017-02-21,30.24,30.8,30.23,30.55,9231386.0,0.0,1.0,29.85509434415,30.407966461634,29.845221627767,30.161148552043,9231386.0
2017-02-17,30.42,30.51,30.16,30.35,5004146.0,0.0,1.0,30.032803239056,30.121657686509,29.776112613081,29.963694224370002,5004146.0
2017-02-16,30.58,30.75,30.41,30.51,4313938.0,0.0,1.0,30.190766701194,30.358602879716,30.022930522672,30.121657686509,4313938.0
2017-02-15,30.08,30.7,30.07,30.695,7597440.0,0.0,1.0,29.697130882012,30.309239297797998,29.687258165628,30.304302939606,7597440.0
2017-02-14,29.74,30.4,29.57,30.3,9255701.0,0.0,1.0,29.361458524968,30.013057806289,29.193622346446,29.914330642452,9255701.0
2017-02-13,30.09,30.12,29.51,29.72,6974038.0,0.0,1.0,29.707003598394998,29.736621747546,29.134386048144002,29.341713092201,6974038.0
2017-02-10,30.19,30.28,29.81,29.91,8876308.0,0.0,1.0,29.805730762232,29.894585209685,29.430567539653,29.529294703490006,8876308.0
2017-02-09,30.35,30.51,30.09,30.12,5773121.0,0.0,1.0,29.963694224370002,30.121657686509,29.707003598394998,29.736621747546,5773121.0
2017-02-08,30.47,30.57,29.96,30.21,7847467.0,0.0,1.0,30.082166820974003,30.180893984811,29.578658285408,29.825476194999,7847467.0
2017-02-07,30.85,31.46,30.14,30.48,15176576.0,0.0,1.0,30.457330043553,31.059565742954998,29.756367180314,30.092039537357998,15176576.0
2017-02-06,31.19,31.5,30.96,31.06,13631820.0,0.0,1.0,30.793002400597,31.099056608490006,30.565929923772998,30.664657087609,13631820.0
2017-02-03,31.46,31.62,31.16,31.4,7520514.0,0.0,1.0,31.059565742954998,31.217529205094,30.763384251446,31.000329444653,7520514.0
2017-02-02,31.53,31.59,31.29,31.46,4731048.0,0.0,1.0,31.128674757641,31.187911055942998,30.891729564432996,31.059565742954998,4731048.0
2017-02-01,31.32,31.75,31.315,31.62,7434994.0,0.0,1.0,30.921347713583998,31.345874518081,30.916411355391997,31.217529205094,7434994.0
2017-01-31,31.2,31.44,31.05,31.38,5170587.0,0.0,1.0,30.80287511698,31.039820310188,30.654784371226,30.980584011886002,5170587.0
2017-01-30,31.28,31.4,30.995,31.37,9097541.0,0.0,1.0,30.88185684805,31.000329444653,30.600484431115998,30.970711295502,9097541.0
2017-01-27,31.14,31.52,30.88,31.29,8259271.0,0.0,1.0,30.743638818678,31.118802041257,30.486948192704002,30.891729564432996,8259271.0
2017-01-26,30.43,31.61,30.31,31.0,12695620.0,0.0,1.0,30.042675955439,31.207656488709997,29.924203358836003,30.605420789306997,12695620.0
2017-01-25,30.37,30.44,30.17,30.3,5237626.0,0.0,1.0,29.983439657138,30.052548671823,29.785985329465,29.914330642452,5237626.0
2017-01-24,30.11,30.3,29.89,30.28,4774729.0,0.0,1.0,29.726749031163003,29.914330642452,29.509549270723,29.894585209685,4774729.0
2017-01-23,30.06,30.17,29.82,30.0,5811647.0,0.0,1.0,29.677385449245,29.785985329465,29.440440256037,29.618149150942997,5811647.0
2017-01-20,29.88,30.125,29.84,30.05,6710560.0,0.0,1.0,29.499676554339,29.741558105738,29.460185688804003,29.667512732861,6710560.0
2017-01-19,30.16,30.37,29.71,29.8,9174522.0,0.0,1.0,29.776112613081,29.983439657138,29.331840375817,29.42069482327,9174522.0
2017-01-18,30.01,30.33,29.92,30.27,7185858.0,0.0,1.0,29.628021867326,29.943948791603,29.539167419873,29.884712493301002,7185858.0
2017-01-17,29.89,30.11,29.86,29.93,4861846.0,0.0,1.0,29.509549270723,29.726749031163003,29.479931121571997,29.549040136257,4861846.0
2017-01-13,29.77,30.09,29.62,30.03,5500638.0,0.0,1.0,29.391076674119,29.707003598394998,29.242985928364,29.647767300094,5500638.0
2017-01-12,30.05,30.0718,29.67,29.81,6010260.0,0.0,1.0,29.667512732861,29.689035254576996,29.292349510282,29.430567539653,6010260.0
2017-01-11,29.72,30.1,29.59,30.08,8220874.0,0.0,1.0,29.341713092201,29.716876314779,29.213367779212998,29.697130882012,8220874.0
2017-01-10,29.58,30.08,29.25,29.67,8469290.0,0.0,1.0,29.203495062829,29.697130882012,28.877695422168998,29.292349510282,8469290.0
2017-01-09,29.58,29.655,29.2501,29.47,6543488.0,0.0,1.0,29.203495062829,29.277540435707003,28.877794149333,29.094895182609,6543488.0
2017-01-06,29.03,29.6,28.85,29.52,8338445.0,0.0,1.0,28.660495661729,29.223240495597,28.482786766823,29.144258764527997,8338445.0
2017-01-05,28.83,29.17,28.65,29.0,6325439.0,0.0,1.0,28.463041334056,28.7987136911,28.28533243915,28.630877512578,6325439.0
2017-01-04,28.88,29.19,28.76,29.02,8645596.0,0.0,1.0,28.512404915974003,28.818459123867,28.393932319370002,28.650622945345003,8645596.0
2017-01-03,28.42,29.04,28.27,28.72,10598360.0,0.0,1.0,28.058259962326,28.670368378112002,27.910169216571997,28.354441453836003,10598360.0
2016-12-30,28.29,28.37,27.92,28.04,6161189.0,0.0,1.0,27.929914649339,28.008896380408,27.564624143144002,27.683096739748002,6161189.0
2016-12-29,28.6,28.61,28.21,28.28,5835625.0,0.0,1.0,28.235968857232,28.245841573615998,27.85093291827,27.920041932954998,5835625.0
2016-12-28,28.52,28.62,28.33,28.45,6370123.0,0.0,1.0,28.156987126163003,28.255714289999,27.969405514873,28.087878111477,6370123.0
2016-12-27,28.45,28.65,28.32,28.54,4923965.0,0.0,1.0,28.087878111477,28.28533243915,27.959532798490006,28.176732558929995,4923965.0
2016-12-23,28.35,28.48,28.24,28.38,4032009.0,0.0,1.0,27.989150947641,28.117496260628,27.880551067421,28.018769096792003,4032009.0
2016-12-22,26.53,28.47,26.53,28.43,7453861.0,0.0,1.0,26.192316565817,28.107623544245,26.192316565817,28.068132678709997,7453861.0
2016-12-21,28.16,28.46,27.895,28.45,5902525.0,0.0,1.0,27.801569336350997,28.097750827861,27.539942352185,28.087878111477,5902525.0
2016-12-20,28.28,28.48,28.05,28.18,5098722.0,0.0,1.0,27.920041932954998,28.117496260628,27.692969456131,27.821314769119,5098722.0
2016-12-19,28.1,28.3,27.94,28.12,5850408.0,0.0,1.0,27.74233303805,27.939787365723,27.584369575911,27.762078470817,5850408.0
2016-12-16,28.05,28.49,27.87,28.03,11759751.0,0.0,1.0,27.692969456131,28.127368977012,27.515260561226,27.673224023364,11759751.0
2016-12-15,28.2,28.315,27.67,27.99,15070989.0,0.0,1.0,27.841060201886002,27.954596440297998,27.317806233553,27.633733157829,15070989.0
2016-12-14,27.24,28.19,27.06,28.02,22334131.0,0.0,1.0,26.893279429056,27.831187485502,26.71557053415,27.66335130698,22334131.0
2016-12-13,26.3,27.04,26.28,27.04,17486831.0,0.0,1.0,25.965244088993,26.695825101383,25.945498656226,26.695825101383,17486831.0
2016-12-12,27.92,27.99,26.12,26.34,26683468.0,0.0,1.0,27.564624143144002,27.633733157829,25.787535194087,26.004734954527997,26683468.0
2016-12-09,28.62,30.42,27.54,28.21,41508725.0,0.0,1.0,28.255714289999,30.032803239056,27.189460920565,27.85093291827,41508725.0
2016-12-08,28.24,28.66,28.14,28.64,10707290.0,0.0,1.0,27.880551067421,28.295205155534,27.781823903583998,28.275459722767,10707290.0
2016-12-07,27.48,28.14,27.39,28.11,10107852.0,0.0,1.0,27.130224622262997,27.781823903583998,27.041370174811,27.752205754432996,10107852.0
2016-12-06,27.54,27.67,27.25,27.5,12706336.0,0.0,1.0,27.189460920565,27.317806233553,26.90315214544,27.149970055030998,12706336.0
2016-12-05,27.54,27.61,26.8178,27.56,13905732.0,0.0,1.0,27.189460920565,27.258569935251003,26.476453343337997,27.209206353333002,13905732.0
2016-12-02,28.33,28.33,27.2,27.4,10884796.0,0.0,1.0,27.969405514873,27.969405514873,26.853788563521,27.051242891194,10884796.0
2016-12-01,28.07,28.43,27.965,28.2,8997579.0,0.0,1.0,27.712714888899,28.068132678709997,27.609051366870002,27.841060201886002,8997579.0
2016-11-30,28.39,28.54,28.11,28.11,9929028.0,0.0,1.0,28.028641813175,28.176732558929995,27.752205754432996,27.752205754432996,9929028.0
2016-11-29,28.42,28.52,28.17,28.47,7374635.0,0.0,1.0,28.058259962326,28.156987126163003,27.811442052735,28.107623544245,7374635.0
2016-11-28,28.24,28.4975,28.12,28.31,7427007.0,0.0,1.0,27.880551067421,28.134773514299997,27.762078470817,27.949660082106,7427007.0
2016-11-25,28.34,28.44,28.24,28.36,3017494.0,0.0,1.0,27.979278231257,28.078005395094,27.880551067421,27.999023664024,3017494.0
2016-11-23,28.28,28.49,28.16,28.4,5235110.0,0.0,1.0,27.920041932954998,28.127368977012,27.801569336350997,28.038514529559002,5235110.0
2016-11-22,27.89,28.37,27.78,28.27,6961904.0,0.0,1.0,27.535005993993,28.008896380408,27.426406113772998,27.910169216571997,6961904.0
2016-11-21,27.78,27.88,27.64,27.8,4766605.0,0.0,1.0,27.426406113772998,27.525133277609,27.288188084401998,27.446151546539998,4766605.0
2016-11-18,27.82,28.0,27.73,27.82,9043673.0,0.0,1.0,27.465896979306997,27.643605874212998,27.377042531855,27.465896979306997,9043673.0
2016-11-17,27.61,27.925,27.43,27.92,8210469.0,0.0,1.0,27.258569935251003,27.569560501336003,27.080861040345003,27.564624143144002,8210469.0
2016-11-16,27.45,27.65,27.36,27.54,5694253.0,0.0,1.0,27.100606473112997,27.298060800785,27.011752025659998,27.189460920565,5694253.0
2016-11-15,27.51,27.585,27.37,27.45,8671778.0,0.0,1.0,27.159842771414,27.233888144292003,27.021624742043,27.100606473112997,8671778.0
2016-11-14,27.1,27.55,27.1,27.52,11503855.0,0.0,1.0,26.755061399685,27.199333636949,26.755061399685,27.169715487797998,11503855.0
2016-11-11,27.12,27.205,26.7,27.14,11672279.0,0.0,1.0,26.774806832452,26.858724921712998,26.360152744339,26.794552265219,11672279.0
2016-11-10,27.45,27.77,27.09,27.16,13125619.0,0.0,1.0,27.100606473112997,27.416533397389003,26.745188683301002,26.814297697986998,13125619.0
2016-11-09,26.57,27.54,26.4,27.46,14749555.0,0.0,1.0,26.231807431352,27.189460920565,26.06397125283,27.110479189496,14749555.0
2016-11-08,27.46,27.46,26.96,27.09,12120654.0,0.0,1.0,27.110479189496,27.110479189496,26.616843370314,26.745188683301002,12120654.0
2016-11-07,27.42,27.43,27.12,27.39,13183176.0,0.0,1.0,27.070988323962002,27.080861040345003,26.774806832452,27.041370174811,13183176.0
2016-11-04,27.49,27.7,26.9,26.94,15951465.0,0.0,1.0,27.140097338647,27.347424382704002,26.557607072012,26.597097937546,15951465.0
2016-11-03,26.76,27.84,26.7,27.71,29028596.0,0.0,1.0,26.419389042641,27.485642412075,26.360152744339,27.357297099087,29028596.0
2016-11-02,26.28,26.28,25.725,25.83,12848950.0,0.0,1.0,25.945498656226,25.945498656226,25.397562896932996,25.501226418962002,12848950.0
2016-11-01,26.26,26.31,25.95,26.19,13792373.0,0.0,1.0,25.925753223458,25.975116805377002,25.619699015565,25.856644208772998,13792373.0
2016-10-31,26.32,26.55,26.21,26.27,13676555.0,0.0,1.0,25.984989521760003,26.212061998583998,25.876389641539998,25.935625939842,13676555.0
2016-10-28,26.13,26.34,26.08,26.25,9204388.0,0.0,1.0,25.797407910471,26.004734954527997,25.748044328553,25.915880507075,9204388.0
2016-10-27,26.45,26.53,25.99,26.11,9854552.0,0.0,1.0,26.113334834748002,26.192316565817,25.6591898811,25.777662477704002,9854552.0
2016-10-26,25.63,26.45,25.505,26.4,17805156.0,0.0,1.0,25.303772091289,26.113334834748002,25.180363136493,26.06397125283,17805156.0
2016-10-25,25.59,25.7,25.47,25.56,8028883.0,0.0,1.0,25.264281225753997,25.372881105974002,25.14580862915,25.234663076603,8028883.0
2016-10-24,26.05,26.22,25.33,25.57,15518813.0,0.0,1.0,25.718426179401998,25.886262357924,25.007590599779,25.244535792986998,15518813.0
2016-10-21,25.08,26.03,25.01,25.83,21050822.0,0.0,1.0,24.760772690188,25.698680746635,24.691663675503,25.501226418962002,21050822.0
2016-10-20,25.12,25.4,24.96,25.27,18002129.0,0.0,1.0,24.800263555723,25.076699614465,24.642300093583998,24.948354301477,18002129.0
2016-10-19,25.02,25.16,24.93,25.12,8852846.0,0.0,1.0,24.701536391886002,24.839754421257,24.612681944432996,24.800263555723,8852846.0
2016-10-18,24.89,25.1,24.78,24.96,10781063.0,0.0,1.0,24.573191078899,24.780518122954998,24.464591198679,24.642300093583998,10781063.0
2016-10-17,24.75,24.81,24.64,24.68,8475590.0,0.0,1.0,24.434973049527997,24.49420934783,24.326373169308,24.365864034842,8475590.0
2016-10-14,24.62,24.91,24.55,24.73,9448536.0,0.0,1.0,24.306627736539998,24.592936511666004,24.237518721855,24.415227616760003,9448536.0
2016-10-13,24.33,24.66,24.215,24.56,8737314.0,0.0,1.0,24.020318961414,24.346118602075,23.906782723003,24.247391438238,8737314.0
2016-10-12,24.64,24.66,24.44,24.55,7649038.0,0.0,1.0,24.326373169308,24.346118602075,24.128918841635,24.237518721855,7649038.0
2016-10-11,24.73,24.77,24.49,24.64,14842280.0,0.0,1.0,24.415227616760003,24.454718482294997,24.178282423553,24.326373169308,14842280.0
2016-10-10,24.43,24.75,24.43,24.71,5962132.0,0.0,1.0,24.119046125251003,24.434973049527997,24.119046125251003,24.395482183993,5962132.0
2016-10-07,24.62,24.68,24.23,24.35,6874885.0,0.0,1.0,24.306627736539998,24.365864034842,23.921591797578,24.040064394182,6874885.0
2016-10-06,24.57,24.74,24.33,24.53,6765409.0,0.0,1.0,24.257264154622003,24.425100333144,24.020318961414,24.217773289087,6765409.0
2016-10-05,24.79,24.87,24.63,24.66,7410271.0,0.0,1.0,24.474463915062,24.553445646131,24.316500452924,24.346118602075,7410271.0
2016-10-04,24.72,24.985,24.53,24.74,10434065.0,0.0,1.0,24.405354900377002,24.666981884543,24.217773289087,24.425100333144,10434065.0
2016-10-03,24.09,24.81,24.04,24.73,10975222.0,0.0,1.0,23.783373768207003,24.49420934783,23.734010186289,24.415227616760003,10975222.0
2016-09-30,24.21,24.42,24.04,24.22,9680353.0,0.0,1.0,23.901846364811,24.109173408867,23.734010186289,23.911719081194,9680353.0
2016-09-29,24.17,24.41,24.01,24.04,7997685.0,0.0,1.0,23.862355499276,24.099300692484004,23.704392037138,23.734010186289,7997685.0
2016-09-28,24.29,24.53,24.2,24.31,13911291.0,0.0,1.0,23.98082809588,24.217773289087,23.891973648427,24.000573528647,13911291.0
2016-09-27,23.79,24.27,23.735,24.2,7748674.0,0.0,1.0,23.487192276697996,23.961082663112997,23.432892336587,23.891973648427,7748674.0
2016-09-26,23.84,23.95,23.595,23.79,13316807.0,0.0,1.0,23.536555858615998,23.645155738836003,23.294674307216,23.487192276697996,13316807.0
2016-09-23,24.28,24.44,23.93,23.93,9741135.0,0.0,1.0,23.970955379496,24.128918841635,23.625410306069003,23.625410306069003,9741135.0
2016-09-22,24.19,24.48,24.09,24.3,11647392.0,0.0,1.0,23.882100932043,24.168409707168998,23.783373768207003,23.990700812264,11647392.0
2016-09-21,23.87,24.04,23.78,24.0,12887015.0,0.0,1.0,23.566174007767,23.734010186289,23.477319560314,23.694519320753997,12887015.0
2016-09-20,24.1,24.105,23.86,23.89,11610401.0,0.0,1.0,23.793246484591,23.798182842782,23.556301291383,23.585919440534,11610401.0
2016-09-19,23.97,24.07,23.81,23.93,13480128.0,0.0,1.0,23.664901171603,23.76362833544,23.506937709465,23.625410306069003,13480128.0
2016-09-16,23.48,23.94,23.33,23.9,27403457.0,0.0,1.0,23.181138068804003,23.635283022452,23.03304732305,23.595792156918,27403457.0
2016-09-15,23.63,23.905,23.44,23.84,17393193.0,0.0,1.0,23.329228814559002,23.600728515109,23.14164720327,23.536555858615998,17393193.0
2016-09-14,23.75,23.93,23.56,23.7,13331784.0,0.0,1.0,23.447701411163003,23.625410306069003,23.260119799874,23.398337829245,13331784.0
2016-09-13,23.7,23.85,23.41,23.71,14556840.0,0.0,1.0,23.398337829245,23.546428574999,23.112029054119,23.408210545628,14556840.0
2016-09-12,23.36,24.2,23.34,23.95,22765946.0,0.18,1.0,23.062665472201,23.891973648427,23.042920039432996,23.645155738836003,22765946.0
2016-09-09,24.53,24.65,23.56,23.57,20104861.0,0.0,1.0,24.037118535999,24.154707375146998,23.086608752879,23.096407822807997,20104861.0
2016-09-08,24.4,24.77,24.37,24.75,13602689.0,0.0,1.0,23.909730626921,24.272296214296,23.880333417133002,24.252698074438,13602689.0
2016-09-07,24.38,24.61,24.34,24.38,10982907.0,0.0,1.0,23.890132487063,24.115511095431,23.850936207346,23.890132487063,10982907.0
2016-09-06,24.53,24.55,24.09,24.42,8132323.0,0.0,1.0,24.037118535999,24.056716675857,23.60595945912,23.929328766778998,8132323.0
2016-09-02,24.7,24.82,24.51,24.55,4937905.0,0.0,1.0,24.203702724793,24.321291563941003,24.01752039614,24.056716675857,4937905.0
2016-09-01,24.61,24.63,24.42,24.54,6085629.0,0.0,1.0,24.115511095431,24.135109235289,23.929328766778998,24.046917605928,6085629.0
2016-08-31,24.5,24.72,24.47,24.54,7270858.0,0.0,1.0,24.007721326210998,24.223300864650998,23.978324116423998,24.046917605928,7270858.0
2016-08-30,24.72,24.77,24.5,24.55,4514463.0,0.0,1.0,24.223300864650998,24.272296214296,24.007721326210998,24.056716675857,4514463.0
2016-08-29,24.61,24.85,24.55,24.74,6535568.0,0.0,1.0,24.115511095431,24.350688773729,24.056716675857,24.242899004509002,6535568.0
2016-08-26,24.67,24.73,24.41,24.54,8062806.0,0.0,1.0,24.174305515005003,24.233099934579997,23.91952969685,24.046917605928,8062806.0
2016-08-25,24.72,24.87,24.51,24.57,6391321.0,0.0,1.0,24.223300864650998,24.370286913586998,24.01752039614,24.076314815714998,6391321.0
2016-08-24,24.91,24.98,24.72,24.8,8276219.0,0.0,1.0,24.409483193303,24.478076682806,24.223300864650998,24.301693424083,8276219.0
2016-08-23,25.15,25.32,24.85,24.89,9037228.0,0.0,1.0,24.644660871601,24.811245060395002,24.350688773729,24.389885053445,9037228.0
2016-08-22,25.11,25.36,25.01,25.12,8374153.0,0.0,1.0,24.605464591883997,24.850441340110997,24.507473892594,24.615263661813003,8374153.0
2016-08-19,25.05,25.17,24.86,25.15,13575122.0,0.0,1.0,24.546670172309998,24.664259011459,24.360487843658,24.644660871601,13575122.0
2016-08-18,25.44,25.52,24.99,25.08,14877159.0,0.0,1.0,24.928833899543,25.007226458976003,24.487875752736002,24.576067382097,14877159.0
2016-08-17,25.49,25.6,25.32,25.48,13351565.0,0.0,1.0,24.977829249189,25.085619018408998,24.811245060395002,24.96803017926,13351565.0
2016-08-16,25.73,25.745,25.45,25.46,12208911.0,0.0,1.0,25.213006927486,25.22770553238,24.938632969472998,24.948432039402,12208911.0
2016-08-15,26.13,26.135,25.83,25.85,6609002.0,0.0,1.0,25.604969724649,25.609869259614,25.310997626777,25.330595766635,6609002.0
2016-08-12,26.05,26.37,25.95,26.02,10590192.0,0.0,1.0,25.526577165217,25.840147402947,25.428586465926,25.497179955429,10590192.0
2016-08-11,25.66,26.27,25.63,26.16,15405248.0,0.0,1.0,25.144413437982998,25.742156703656,25.115016228196,25.634366934436002,15405248.0
2016-08-10,25.53,25.71,25.32,25.58,8030948.0,0.0,1.0,25.017025528905002,25.193408787628,24.811245060395002,25.06602087855,8030948.0
2016-08-09,25.46,25.6,25.26,25.48,7564206.0,0.0,1.0,24.948432039402,25.085619018408998,24.75245064082,24.96803017926,7564206.0
2016-08-08,25.51,25.62,25.37,25.41,7922124.0,0.0,1.0,24.997427389046997,25.105217158267003,24.860240410039996,24.899436689755998,7922124.0
2016-08-05,25.71,25.91,25.6,25.64,13454562.0,0.0,1.0,25.193408787628,25.389390186210004,25.085619018408998,25.124815298125,13454562.0
2016-08-04,26.04,26.45,25.25,25.59,46749866.0,0.0,1.0,25.516778095287,25.918539962378997,24.742651570891,25.075819948478998,46749866.0
2016-08-03,26.6,27.16,26.31,27.04,14283952.0,0.0,1.0,26.065526011314997,26.614273927343003,25.781352983372003,26.496685088194,14283952.0
2016-08-02,26.59,26.79,26.49,26.7,12317546.0,0.0,1.0,26.055726941386,26.251708339967,25.957736242095,26.163516710605997,12317546.0
2016-08-01,26.64,26.78,26.47,26.62,8558952.0,0.0,1.0,26.104722291031,26.241909270038,25.938138102237,26.085124151173,8558952.0
2016-07-29,26.67,26.82,26.45,26.64,8840576.0,0.0,1.0,26.134119500819,26.281105549755,25.918539962378997,26.104722291031,8840576.0
2016-07-28,26.72,26.855,26.57,26.76,8370640.0,0.0,1.0,26.183114850464,26.315402294506,26.036128801528,26.222311130179996,8370640.0
2016-07-27,26.82,26.855,26.62,26.74,12577150.0,0.0,1.0,26.281105549755,26.315402294506,26.085124151173,26.202712990322,12577150.0
2016-07-26,26.85,27.02,26.595,26.74,8893838.0,0.0,1.0,26.310502759541997,26.477086948336,26.060626476351,26.202712990322,8893838.0
2016-07-25,27.06,27.15,26.84,26.85,10287196.0,0.0,1.0,26.516283228052,26.604474857413997,26.300703689612998,26.310502759541997,10287196.0
2016-07-22,27.24,27.3,27.03,27.11,6601899.0,0.0,1.0,26.692666486774996,26.75146090635,26.486886018265,26.565278577697,6601899.0
2016-07-21,26.93,27.325,26.77,27.18,7551194.0,0.0,1.0,26.388895318974,26.775958581172,26.232110200109002,26.633872067201,7551194.0
2016-07-20,27.8,27.94,26.96,27.0,22780470.0,0.0,1.0,27.241414402803002,27.378601381810004,26.418292528762002,26.457488808477997,22780470.0
2016-07-19,27.9,27.98,27.73,27.75,10367419.0,0.0,1.0,27.339405102094002,27.417797661526,27.1728209133,27.192419053158,10367419.0
2016-07-18,28.1,28.205,27.96,28.02,10827516.0,0.0,1.0,27.535386500675003,27.63827673493,27.398199521668,27.456993941241997,10827516.0
2016-07-15,28.33,28.33,27.79,28.03,9852557.0,0.0,1.0,27.760765109043998,27.760765109043998,27.231615332873996,27.466793011171998,9852557.0
2016-07-14,28.18,28.335,28.04,28.12,5923666.0,0.0,1.0,27.613779060107998,27.765664644008,27.476592081100996,27.554984640533,5923666.0
2016-07-13,27.99,28.04,27.7,27.92,8214617.0,0.0,1.0,27.427596731455,27.476592081100996,27.143423703512003,27.359003241952,8214617.0
2016-07-12,27.79,28.1166,27.75,27.83,6810170.0,0.0,1.0,27.231615332873996,27.551652956757003,27.192419053158,27.27081161259,6810170.0
2016-07-11,27.73,27.99,27.63,27.77,6318849.0,0.0,1.0,27.1728209133,27.427596731455,27.074830214008998,27.212017193016,6318849.0
2016-07-08,27.18,27.75,27.15,27.7,8527138.0,0.0,1.0,26.633872067201,27.192419053158,26.604474857413997,27.143423703512003,8527138.0
2016-07-07,26.71,27.06,26.63,26.93,8552717.0,0.0,1.0,26.173315780535003,26.516283228052,26.094923221102,26.388895318974,8552717.0
2016-07-06,26.56,26.795,26.21,26.74,9902018.0,0.0,1.0,26.026329731599002,26.256607874931998,25.683362284081998,26.202712990322,9902018.0
2016-07-05,27.27,27.28,26.52,26.65,10038987.0,0.0,1.0,26.722063696563,26.731862766492,25.987133451883,26.11452136096,10038987.0
2016-07-01,27.06,27.37,26.91,27.265,8418546.0,0.0,1.0,26.516283228052,26.820054395853,26.369297179116,26.717164161598,8418546.0
2016-06-30,27.13,27.27,26.855,27.05,15012081.0,0.0,1.0,26.584876717556,26.722063696563,26.315402294506,26.506484158123,15012081.0
2016-06-29,26.77,27.08,26.73,27.0,7479649.0,0.0,1.0,26.232110200109002,26.535881367909997,26.192913920393,26.457488808477997,7479649.0
2016-06-28,26.54,26.99,26.48,26.65,9266211.0,0.0,1.0,26.006731591740998,26.447689738549,25.947937172166,26.11452136096,9266211.0
2016-06-27,26.61,26.77,26.23,26.37,15234234.0,0.0,1.0,26.075325081244003,26.232110200109002,25.702960423940002,25.840147402947,15234234.0
2016-06-24,27.97,28.18,26.89,26.94,23189448.0,0.0,1.0,27.407998591597,27.613779060107998,26.349699039258,26.398694388903,23189448.0
2016-06-23,29.15,29.33,28.99,29.2,5166312.0,0.0,1.0,28.564288843227,28.74067210195,28.407503724362,28.613284192872,5166312.0
2016-06-22,28.91,29.17,28.65,28.92,4667437.0,0.0,1.0,28.329111164929,28.583886983084998,28.074335346774003,28.338910234857998,4667437.0
2016-06-21,29.16,29.21,28.72,28.8,5265782.0,0.0,1.0,28.574087913156,28.623083262801,28.142928836276997,28.221321395709996,5265782.0
2016-06-20,29.1,29.41,29.06,29.19,7519432.0,0.0,1.0,28.515293493582,28.819064661383,28.476097213865,28.603485122943002,7519432.0
2016-06-17,29.13,29.13,28.685,28.8,13198435.0,0.0,1.0,28.544690703369003,28.544690703369003,28.108632091525003,28.221321395709996,13198435.0
2016-06-16,28.85,29.325,28.54,29.13,6620659.0,0.0,1.0,28.270316745355,28.735772566985997,27.966545577554,28.544690703369003,6620659.0
2016-06-15,28.88,29.21,28.86,28.96,6454375.0,0.0,1.0,28.299713955142003,28.623083262801,28.280115815284,28.378106514575,6454375.0
2016-06-14,28.84,29.0,28.565,28.87,7230302.0,0.0,1.0,28.260517675426,28.417302794291,27.991043252377,28.289914885212998,7230302.0
2016-06-13,28.88,29.19,28.776,28.91,6012947.0,0.0,1.0,28.299713955142003,28.603485122943002,28.197803627880003,28.329111164929,6012947.0
2016-06-10,28.94,29.08,28.76,28.93,7303162.0,0.0,1.0,28.358508374717,28.495695353723,28.182125115993,28.348709304787,7303162.0
2016-06-09,29.34,29.4,28.98,29.32,6787725.0,0.0,1.0,28.750471171879,28.809265591454,28.397704654433,28.730873032020998,6787725.0
2016-06-08,29.24,29.46,29.18,29.44,5622600.0,0.0,1.0,28.652480472589,28.868060011028,28.593686053014,28.848461871170002,5622600.0
2016-06-07,29.44,29.58,29.29,29.3,8910987.0,0.0,1.0,28.848461871170002,28.985648850177,28.701475822234002,28.711274892163,8910987.0
2016-06-06,29.48,29.59,29.34,29.44,4752257.0,0.0,1.0,28.887658150886,28.995447920106002,28.750471171879,28.848461871170002,4752257.0
2016-06-03,28.94,29.49,28.82,29.38,5960443.0,0.0,1.0,28.358508374717,28.897457220815,28.240919535568,28.789667451595,5960443.0
2016-06-02,29.33,29.605,29.26,29.55,8428069.0,0.0,1.0,28.74067210195,29.010146524998998,28.672078612447,28.95625164039,8428069.0
2016-06-01,28.96,29.41,28.93,29.35,11707792.0,0.0,1.0,28.378106514575,28.819064661383,28.348709304787,28.760270241807998,11707792.0
2016-05-31,29.09,29.09,28.7,28.88,6662026.0,0.0,1.0,28.505494423653,28.505494423653,28.123330696419,28.299713955142003,6662026.0
2016-05-27,28.78,29.06,28.74,28.93,5161010.0,0.0,1.0,28.201723255851,28.476097213865,28.162526976135002,28.348709304787,5161010.0
2016-05-26,28.9,29.19,28.75,28.76,8226656.0,0.0,1.0,28.319312095,28.603485122943002,28.172326046064,28.182125115993,8226656.0
2016-05-25,28.6,29.0,28.09,28.9,5415671.0,0.0,1.0,28.025339997128,28.417302794291,27.525587430746,28.319312095,5415671.0
2016-05-24,28.33,28.64,28.3,28.57,4885036.0,0.0,1.0,27.760765109043998,28.064536276845,27.731367899256,27.995942787340997,4885036.0
2016-05-23,28.33,28.62,28.16,28.19,6926012.0,0.0,1.0,27.760765109043998,28.044938136985998,27.594180920249,27.623578130036996,6926012.0
2016-05-20,27.98,28.35,27.96,28.14,6174305.0,0.0,1.0,27.417797661526,27.780363248902002,27.398199521668,27.574582780391,6174305.0
2016-05-19,28.09,28.16,27.68,27.92,9040299.0,0.0,1.0,27.525587430746,27.594180920249,27.123825563653998,27.359003241952,9040299.0
2016-05-18,28.65,28.7489,28.015,28.15,9096645.0,0.0,1.0,28.074335346774003,28.171248148372,27.452094406278,27.58438185032,9096645.0
2016-05-17,28.92,29.13,28.56,28.69,7555075.0,0.0,1.0,28.338910234857998,28.544690703369003,27.986143717412,28.11353162649,7555075.0
2016-05-16,28.99,29.23,28.72,28.93,8599063.0,0.0,1.0,28.407503724362,28.642681402659,28.142928836276997,28.348709304787,8599063.0
2016-05-13,29.11,29.37,28.88,28.99,7476354.0,0.0,1.0,28.525092563511,28.779868381666002,28.299713955142003,28.407503724362,7476354.0
2016-05-12,29.51,29.63,29.02,29.08,8069465.0,0.0,1.0,28.917055360672997,29.034644199822,28.436900934148998,28.495695353723,8069465.0
2016-05-11,29.41,29.53,29.15,29.41,7746873.0,0.0,1.0,28.819064661383,28.936653500531,28.564288843227,28.819064661383,7746873.0
2016-05-10,29.54,29.87,29.46,29.76,12650286.0,0.0,1.0,28.946452570459996,29.269821878120002,28.868060011028,29.1620321089,12650286.0
2016-05-09,29.6,29.84,29.27,29.41,11180456.0,0.0,1.0,29.005246990035,29.240424668332,28.681877682375998,28.819064661383,11180456.0
2016-05-06,29.6,29.7,29.32,29.51,15773610.0,0.0,1.0,29.005246990035,29.103237689326,28.730873032020998,28.917055360672997,15773610.0
2016-05-05,29.37,30.095,28.92,29.84,22447514.0,0.0,1.0,28.779868381666002,29.490300951524,28.338910234857998,29.240424668332,22447514.0
2016-05-04,30.02,30.26,29.76,29.8,11899590.0,0.0,1.0,29.416807927056,29.651985605352998,29.1620321089,29.201228388616,11899590.0
2016-05-03,30.13,30.255,29.875,29.96,8155421.0,0.0,1.0,29.524597696275002,29.647086070388998,29.274721413084002,29.358013507480997,8155421.0
2016-05-02,30.32,30.43,30.0,30.36,6944862.0,0.0,1.0,29.710780024928003,29.818569794147,29.397209787198,29.749976304643997,6944862.0
2016-04-29,30.4,30.48,29.78,30.26,9994924.0,0.0,1.0,29.78917258436,29.867565143793,29.181630248758,29.651985605352998,9994924.0
2016-04-28,30.69,30.985,30.4,30.7,9097728.0,0.0,1.0,30.073345612303,30.362418175211,29.78917258436,30.083144682232,9097728.0
2016-04-27,30.84,31.08,30.45,30.83,14338213.0,0.0,1.0,30.220331661238998,30.455509339537002,29.838167934005,30.210532591309995,14338213.0
2016-04-26,31.12,31.25,30.77,30.96,7051492.0,0.0,1.0,30.494705619253,30.622093528331,30.151738171736003,30.337920500387998,7051492.0
2016-04-25,30.9,31.13,30.78,31.06,7990880.0,0.0,1.0,30.279126080812997,30.504504689182,30.161537241665002,30.435911199678003,7990880.0
2016-04-22,30.39,30.94,30.39,30.93,7235495.0,0.0,1.0,29.779373514431,30.31832236053,29.779373514431,30.308523290601002,7235495.0
2016-04-21,30.01,30.62,30.01,30.33,7596100.0,0.0,1.0,29.407008857127,30.004752122800003,29.407008857127,29.720579094857,7596100.0
2016-04-20,29.98,30.425,29.79,30.09,10979558.0,0.0,1.0,29.377611647339002,29.813670259183002,29.191429318687,29.485401416559,10979558.0
2016-04-19,30.45,30.845,30.27,30.3,9693882.0,0.0,1.0,29.838167934005,30.225231196204,29.661784675282,29.691181885069,9693882.0
2016-04-18,29.93,30.6,29.84,30.39,11344930.0,0.0,1.0,29.328616297694,29.985153982940997,29.240424668332,29.779373514431,11344930.0
2016-04-15,29.97,30.12,29.6901,30.01,12907611.0,0.0,1.0,29.367812577409996,29.514798626346003,29.093536610096002,29.407008857127,12907611.0
2016-04-14,30.0,30.0,29.64,29.85,8586945.0,0.0,1.0,29.397209787198,29.397209787198,29.044443269751,29.250223738262,8586945.0
2016-04-13,29.51,30.015,29.48,29.8,11634078.0,0.0,1.0,28.917055360672997,29.411908392090997,28.887658150886,29.201228388616,11634078.0
2016-04-12,28.64,29.48,28.64,29.29,13568498.0,0.0,1.0,28.064536276845,28.887658150886,28.064536276845,28.701475822234002,13568498.0
2016-04-11,28.75,28.96,28.505,28.53,6518142.0,0.0,1.0,28.172326046064,28.378106514575,27.932248832802,27.956746507625,6518142.0
2016-04-08,28.86,29.07,28.54,28.59,9097609.0,0.0,1.0,28.280115815284,28.485896283794,27.966545577554,28.015540927199,9097609.0
2016-04-07,28.2096,28.81,28.2096,28.55,11453298.0,0.0,1.0,27.642784307097997,28.231120465639,27.642784307097997,27.976344647483,11453298.0
2016-04-06,28.34,28.92,28.34,28.88,7662119.0,0.0,1.0,27.770564178972997,28.338910234857998,27.770564178972997,28.299713955142003,7662119.0
2016-04-05,28.37,28.63,28.23,28.35,7163936.0,0.0,1.0,27.79996138876,28.054737206915004,27.662774409753,27.780363248902002,7163936.0
2016-04-04,28.57,28.885,28.45,28.58,6562322.0,0.0,1.0,27.995942787340997,28.304613490107002,27.878353948192,28.005741857270003,6562322.0
2016-04-01,27.83,28.72,27.67,28.59,12021920.0,0.0,1.0,27.27081161259,28.142928836276997,27.114026493725,28.015540927199,12021920.0
2016-03-31,27.98,28.035,27.8,27.88,8846220.0,0.0,1.0,27.417797661526,27.471692546135998,27.241414402803002,27.319806962235997,8846220.0
2016-03-30,27.96,28.075,27.81,27.91,5700097.0,0.0,1.0,27.398199521668,27.510888825852,27.251213472732,27.349204172023,5700097.0
2016-03-29,27.76,27.94,27.54,27.83,8515085.0,0.0,1.0,27.202218123087,27.378601381810004,26.986638584647004,27.27081161259,8515085.0
2016-03-28,27.93,28.105,27.77,27.89,6229799.0,0.0,1.0,27.368802311880998,27.54028603564,27.212017193016,27.329606032165,6229799.0
2016-03-24,27.58,27.845,27.55,27.75,5589621.0,0.0,1.0,27.025834864364,27.285510217484003,26.996437654576003,27.192419053158,5589621.0
2016-03-23,27.98,28.06,27.72,27.79,6189447.0,0.0,1.0,27.417797661526,27.496190220959,27.163021843371002,27.231615332873996,6189447.0
2016-03-22,27.87,28.15,27.78,27.96,7502560.0,0.0,1.0,27.310007892306,27.58438185032,27.221816262944998,27.398199521668,7502560.0
2016-03-21,28.27,28.5,27.94,27.97,5931643.0,0.0,1.0,27.701970689469,27.927349297838003,27.378601381810004,27.407998591597,5931643.0
2016-03-18,28.25,28.4,27.9,28.23,21405775.0,0.0,1.0,27.682372549611,27.829358598547,27.339405102094002,27.662774409753,21405775.0
2016-03-17,27.84,28.54,27.79,28.18,9631654.0,0.0,1.0,27.280610682519,27.966545577554,27.231615332873996,27.613779060107998,9631654.0
2016-03-16,27.41,28.25,27.41,28.12,10433447.0,0.0,1.0,26.859250675569,27.682372549611,26.859250675569,27.554984640533,10433447.0
2016-03-15,27.63,28.0,27.545,27.83,6105327.0,0.0,1.0,27.074830214008998,27.437395801384,26.991538119612002,27.27081161259,6105327.0
2016-03-14,27.77,27.93,27.625,27.82,4619054.0,0.0,1.0,27.212017193016,27.368802311880998,27.069930679044,27.261012542661,4619054.0
2016-03-11,27.33,27.95,27.33,27.92,8357630.0,0.0,1.0,26.780858116137,27.388400451739003,26.780858116137,27.359003241952,8357630.0
2016-03-10,27.25,27.84,27.2,27.45,9273768.0,0.0,1.0,26.702465556704002,27.280610682519,26.653470207059,26.898446955286,9273768.0
2016-03-09,27.62,27.79,27.41,27.7,7779294.0,0.0,1.0,27.06503114408,27.231615332873996,26.859250675569,27.143423703512003,7779294.0
2016-03-08,27.79,28.06,27.38,27.45,10475300.0,0.0,1.0,27.231615332873996,27.496190220959,26.829853465781998,26.898446955286,10475300.0
2016-03-07,27.46,28.15,27.46,27.9,9191612.0,0.15,1.0,26.908246025215,27.58438185032,26.908246025215,27.339405102094002,9191612.0
2016-03-04,27.88,27.93,27.3649,27.8,8656373.0,0.0,1.0,27.173711737838996,27.222445080267,26.671660844146,27.095738389954,8656373.0
2016-03-03,27.64,27.86,27.48,27.84,7450164.0,0.0,1.0,26.939791694184,27.154218400867,26.783844998415,27.134725063896,7450164.0
2016-03-02,27.93,27.935,27.42,27.59,7552480.0,0.0,1.0,27.222445080267,27.227318414509,26.725364987501003,26.891058351756,7552480.0
2016-03-01,27.19,27.91,27.13,27.8,9918653.0,0.0,1.0,26.501191612333002,27.202951743295003,26.442711601419,27.095738389954,9918653.0
2016-02-29,27.13,27.22,26.88,27.02,13200154.0,0.0,1.0,26.442711601419,26.530431617789002,26.199044889278998,26.335498248077002,13200154.0
2016-02-26,27.5,27.61,27.07,27.08,8671630.0,0.0,1.0,26.803338335385998,26.910551688728,26.384231590505,26.393978258990998,8671630.0
2016-02-25,27.48,27.48,26.865,27.38,8348374.0,0.0,1.0,26.783844998415,26.783844998415,26.184424886551,26.686378313558997,8348374.0
2016-02-24,26.71,27.38,26.45,27.32,8897079.0,0.0,1.0,26.033351525024,26.686378313558997,25.779938144399,26.627898302645,8897079.0
2016-02-23,27.15,27.43,26.925,26.95,10921693.0,0.0,1.0,26.46220493839,26.735111655987,26.242904897463998,26.267271568678,10921693.0
2016-02-22,26.83,27.62,26.83,27.35,11548659.0,0.0,1.0,26.150311546851,26.920298357213003,26.150311546851,26.657138308102002,11548659.0
2016-02-19,26.15,26.775,26.06,26.62,10471233.0,0.0,1.0,25.487538089831,26.096704870179998,25.39981807346,25.945631508654,10471233.0
2016-02-18,26.39,26.55,25.95,26.4,11129468.0,0.0,1.0,25.721458133484997,25.877404829253997,25.292604720118998,25.731204801971003,11129468.0
2016-02-17,25.99,26.75,25.72,26.47,15267634.0,0.0,1.0,25.331591394060997,26.072338198965998,25.06843134495,25.79943148137,15267634.0
2016-02-16,24.93,25.61,24.67,25.61,9773874.0,0.0,1.0,24.298444534587997,24.961217991609,24.045031153963,24.961217991609,9773874.0
2016-02-12,25.03,25.14,24.21,24.55,13059979.0,0.0,1.0,24.395911219444,24.503124572786003,23.596684403625,23.928071132135,13059979.0
2016-02-11,23.85,24.92,23.85,24.68,19841370.0,0.0,1.0,23.245804338144,24.288697866101998,23.245804338144,24.054777822448003,19841370.0
2016-02-10,23.9,25.11,23.38,24.33,26056704.0,0.0,1.0,23.294537680572,24.473884567329,22.787710919320997,23.713644425452,26056704.0
2016-02-09,22.88,24.73,22.66,24.135,32023924.0,0.0,1.0,22.300377495040998,24.103511164876,22.085950788358,23.523584389983,32023924.0
2016-02-08,24.76,24.81,24.1,24.59,17446621.0,0.0,1.0,24.132751170332998,24.181484512761003,23.489471050284,23.967057806078,17446621.0
2016-02-05,26.03,26.37,25.0,25.07,16868598.0,0.0,1.0,25.370578068003997,25.701964796514,24.366671213987,24.434897893386,16868598.0
2016-02-04,26.62,27.01,25.95,26.075,16273985.0,0.0,1.0,25.945631508654,26.325751579591998,25.292604720118998,25.414438076188997,16273985.0
2016-02-03,26.24,26.605,25.87,26.49,15780969.0,0.0,1.0,25.575258106201,25.931011505925003,25.214631372234003,25.818924818341,15780969.0
2016-02-02,26.6,26.65,25.955,26.0,10435056.0,0.0,1.0,25.926138171682002,25.974871514110003,25.297478054362003,25.341338062547003,10435056.0
2016-02-01,26.84,27.135,26.655,26.97,8721020.0,0.0,1.0,26.160058215337,26.447584935661997,25.979744848353,26.286764905649,8721020.0
2016-01-29,26.46,27.06,26.33,26.97,13324490.0,0.0,1.0,25.789684812884,26.374484922020002,25.662978122571,26.286764905649,13324490.0
2016-01-28,26.79,26.92,25.97,26.13,13499385.0,0.0,1.0,26.111324872909,26.238031563221,25.31209805709,25.468044752859,13499385.0
2016-01-27,26.88,27.31,26.475,26.58,9921937.0,0.0,1.0,26.199044889278998,26.61815163416,25.804304815612998,25.906644834711,9921937.0
2016-01-26,26.08,26.94,26.08,26.91,9345678.0,0.0,1.0,25.419311410431,26.257524900193,25.419311410431,26.228284894736,9345678.0
2016-01-25,26.24,26.3,25.97,26.0,16416971.0,0.0,1.0,25.575258106201,25.633738117115,25.31209805709,25.341338062547003,16416971.0
2016-01-22,26.01,26.465,25.955,26.38,16852844.0,0.0,1.0,25.351084731032,25.794558147127,25.297478054362003,25.711711464999,16852844.0
2016-01-21,25.73,25.96,25.39,25.52,20560628.0,0.0,1.0,25.078178013436,25.302351388604002,24.746791284925,24.873497975238,20560628.0
2016-01-20,25.96,26.16,24.94,25.64,21656179.0,0.0,1.0,25.302351388604002,25.497284758316002,24.308191203074003,24.990457997065,21656179.0
2016-01-19,26.54,26.765,26.1,26.36,12869145.0,0.0,1.0,25.867658160769,26.086958201694998,25.438804747403,25.692218128028003,12869145.0
2016-01-15,25.76,26.36,25.72,26.1,14833062.0,0.0,1.0,25.107418018892,25.692218128028003,25.06843134495,25.438804747403,14833062.0
2016-01-14,26.0,27.0801,25.865,26.56,16127666.0,0.0,1.0,25.341338062547003,26.394075725675997,25.209758037990998,25.887151497740003,16127666.0
2016-01-13,26.35,26.63,25.76,25.875,12424035.0,0.0,1.0,25.682471459543,25.955378177139,25.107418018892,25.219504706476997,12424035.0
2016-01-12,26.04,26.555,25.87,26.42,11398597.0,0.0,1.0,25.380324736489,25.882278163497,25.214631372234003,25.750698138942,11398597.0
2016-01-11,26.05,26.155,25.615,25.88,10586062.0,0.0,1.0,25.390071404975,25.492411424073,24.966091325851,25.22437804072,10586062.0
2016-01-08,26.07,26.34,25.83,25.89,11514372.0,0.0,1.0,25.409564741946,25.672724791057,25.175644698291997,25.234124709205,11514372.0
2016-01-07,26.23,26.54,25.88,25.89,15944762.0,0.0,1.0,25.565511437715003,25.867658160769,25.22437804072,25.234124709205,15944762.0
2016-01-06,26.49,27.025,26.17,26.72,19881867.0,0.0,1.0,25.818924818341,26.340371582320003,25.507031426802,26.043098193509998,19881867.0
2016-01-05,26.52,26.75,26.44,26.59,10205737.0,0.0,1.0,25.848164823797998,26.072338198965998,25.770191475913,25.916391503196998,10205737.0
2016-01-04,26.72,26.76,26.295,26.59,11914071.0,0.0,1.0,26.043098193509998,26.082084867452,25.628864782872,25.916391503196998,11914071.0
2015-12-31,27.2,27.4642,27.07,27.16,7038333.0,0.0,1.0,26.510938280818,26.768445262208,26.384231590505,26.471951606876,7038333.0
2015-12-30,27.61,27.61,27.22,27.3,6722732.0,0.0,1.0,26.910551688728,26.910551688728,26.530431617789002,26.608404965674,6722732.0
2015-12-29,27.6,27.82,27.48,27.57,5983187.0,0.0,1.0,26.900805020242,27.115231726925,26.783844998415,26.871565014785,5983187.0
2015-12-28,27.32,27.62,27.22,27.42,5329367.0,0.0,1.0,26.627898302645,26.920298357213003,26.530431617789002,26.725364987501003,5329367.0
2015-12-24,27.49,27.7,27.3,27.43,4174139.0,0.0,1.0,26.7935916669,26.998271705098,26.608404965674,26.735111655987,4174139.0
2015-12-23,27.5,27.76,27.32,27.4,7347934.0,0.0,1.0,26.803338335385998,27.056751716011,26.627898302645,26.70587165053,7347934.0
2015-12-22,27.17,27.49,27.135,27.36,8094252.0,0.0,1.0,26.481698275360998,26.7935916669,26.447584935661997,26.666884976588,8094252.0
2015-12-21,27.3,27.435,26.86,27.07,10700296.0,0.0,1.0,26.608404965674,26.73998499023,26.179551552308002,26.384231590505,10700296.0
2015-12-18,27.32,27.4901,26.8,27.11,29376228.0,0.0,1.0,26.627898302645,26.793689133585,26.121071541394,26.423218264448,29376228.0
2015-12-17,27.88,28.08,27.47,27.49,12242811.0,0.0,1.0,27.173711737838996,27.36864510755,26.774098329929,26.7935916669,12242811.0
2015-12-16,27.59,27.975,27.31,27.895,8877293.0,0.0,1.0,26.891058351756,27.266305088452,26.61815163416,27.188331740567,8877293.0
2015-12-15,27.47,27.89,27.32,27.335,8304316.0,0.0,1.0,26.774098329929,27.183458406324,26.627898302645,26.642518305373997,8304316.0
2015-12-14,28.05,28.05,27.035,27.25,14230678.0,0.0,1.0,27.339405102094002,27.339405102094002,26.350118250806,26.559671623246004,14230678.0
2015-12-11,28.35,28.35,27.385,27.455,11056574.0,0.0,1.0,27.631805156662,27.631805156662,26.691251647802,26.759478327201,11056574.0
2015-12-10,27.77,28.41,27.77,28.23,10757824.0,0.0,1.0,27.066498384497,27.690285167575002,27.066498384497,27.514845134833998,10757824.0
2015-12-09,28.57,28.58,27.82,28.14,15817506.0,0.0,1.0,27.846231863344997,27.85597853183,27.115231726925,27.427125118463998,15817506.0
2015-12-08,29.1,29.28,28.5525,28.73,8631288.0,0.0,1.0,28.362805293081003,28.538245325822,27.829175193495,28.002178559113997,8631288.0
2015-12-07,29.26,29.375,29.0,29.32,9647882.0,0.0,1.0,28.518751988850997,28.630838676434998,28.265338608225,28.577231999764,9647882.0
2015-12-04,29.09,29.55,28.8975,29.33,11421247.0,0.0,1.0,28.353058624596,28.801405374933,28.165435256248003,28.586978668249998,11421247.0
2015-12-03,29.31,29.4,28.7675,29.03,13331716.0,0.0,1.0,28.567485331279002,28.655205347649,28.038728565935003,28.294578613682,13331716.0
2015-12-02,29.56,29.7,29.22,29.31,9693692.0,0.0,1.0,28.811152043419,28.947605402217,28.479765314908,28.567485331279002,9693692.0
2015-12-01,29.28,29.89,29.28,29.73,10537112.0,0.0,1.0,28.538245325822,29.132792103443,28.538245325822,28.976845407674,10537112.0
2015-11-30,29.56,29.7,29.25,29.51,11651645.0,0.0,1.0,28.811152043419,28.947605402217,28.509005320365,28.762418700991002,11651645.0
2015-11-27,29.86,29.86,29.28,29.54,4754089.0,0.0,1.0,29.103552097986,29.103552097986,28.538245325822,28.791658706447002,4754089.0
2015-11-25,29.82,29.98,29.705,29.9,7107333.0,0.0,1.0,29.064565424043998,29.220512119814,28.952478736459998,29.142538771929,7107333.0
2015-11-24,29.82,29.92,29.52,29.85,10027060.0,0.0,1.0,29.064565424043998,29.1620321089,28.772165369476,29.093805429501,10027060.0
2015-11-23,30.06,30.24,29.86,29.98,8822129.0,0.0,1.0,29.298485467698,29.473925500439,29.103552097986,29.220512119814,8822129.0
2015-11-20,30.14,30.16,29.86,30.07,10926638.0,0.0,1.0,29.376458815583,29.395952152554003,29.103552097986,29.308232136184,10926638.0
2015-11-19,30.13,30.23,29.79,29.95,9685532.0,0.0,1.0,29.366712147097,29.464178831953,29.035325418586996,29.191272114356998,9685532.0
2015-11-18,30.14,30.335,29.75,30.3,14999894.0,0.0,1.0,29.376458815583,29.566518851052,28.996338744644998,29.532405511353,14999894.0
2015-11-17,30.26,30.36,29.91,30.18,7765604.0,0.0,1.0,29.493418837409997,29.590885522266003,29.152285440414,29.415445489525,7765604.0
2015-11-16,29.76,30.39,29.68,30.3,7747258.0,0.0,1.0,29.00608541313,29.620125527722998,28.928112065246,29.532405511353,7747258.0
2015-11-13,29.93,30.07,29.53,29.69,11233397.0,0.0,1.0,29.171778777386,29.308232136184,28.781912037961998,28.937858733730998,11233397.0
2015-11-12,29.93,30.27,29.75,30.02,9302441.0,0.0,1.0,29.171778777386,29.503165505896,28.996338744644998,29.259498793756,9302441.0
2015-11-11,30.18,30.45,29.77,30.02,9428801.0,0.0,1.0,29.415445489525,29.678605538636,29.015832081616,29.259498793756,9428801.0
2015-11-10,29.53,30.12,29.35,30.08,9685326.0,0.0,1.0,28.781912037961998,29.356965478611997,28.606472005221,29.317978804669,9685326.0
2015-11-09,29.78,29.8,29.145,29.49,8712196.0,0.0,1.0,29.025578750102,29.045072087073002,28.406665301266,28.742925364018998,8712196.0
2015-11-06,29.58,29.915,29.495,29.83,9668330.0,0.0,1.0,28.83064538039,29.157158774657002,28.747798698262,29.074312092529997,9668330.0
2015-11-05,29.53,29.69,29.1201,29.59,20009132.0,0.0,1.0,28.781912037961998,28.937858733730998,28.382396096736997,28.840392048875,20009132.0
2015-11-04,31.04,31.18,28.035,29.65,40725640.0,0.0,1.0,30.253658979287,30.390112338084997,27.324785099365002,28.898872059789,40725640.0
2015-11-03,30.92,31.395,30.905,31.28,12296074.0,0.0,1.0,30.136698957459,30.599665710525,30.122078954731002,30.487579022941,12296074.0
2015-11-02,30.7,31.05,30.5975,30.86,11168483.0,0.0,1.0,29.922272250776,30.263405647772004,29.822368898799,30.078218946546002,11168483.0
2015-10-30,30.4,30.77,30.195,30.69,15846227.0,0.0,1.0,29.629872196208,29.990498930176,29.430065492254,29.912525582291003,15846227.0
2015-10-29,30.02,30.76,29.98,30.405,13174825.0,0.0,1.0,29.259498793756,29.98075226169,29.220512119814,29.634745530451003,13174825.0
2015-10-28,30.04,30.19,29.64,30.13,14513744.0,0.0,1.0,29.278992130727,29.425192158010997,28.889125391303,29.366712147097,14513744.0
2015-10-27,30.21,30.24,29.7,29.95,9168630.0,0.0,1.0,29.444685494982,29.473925500439,28.947605402217,29.191272114356998,9168630.0
2015-10-26,30.02,30.24,29.86,30.23,9115680.0,0.0,1.0,29.259498793756,29.473925500439,29.103552097986,29.464178831953,9115680.0
2015-10-23,30.13,30.24,29.8,30.11,9168258.0,0.0,1.0,29.366712147097,29.473925500439,29.045072087073002,29.347218810125998,9168258.0
2015-10-22,29.29,29.88,29.29,29.79,10897967.0,0.0,1.0,28.547991994306997,29.123045434958,28.547991994306997,29.035325418586996,10897967.0
2015-10-21,29.73,29.83,29.21,29.24,8930432.0,0.0,1.0,28.976845407674,29.074312092529997,28.470018646423,28.499258651879,8930432.0
2015-10-20,29.49,29.69,29.4,29.57,10155635.0,0.0,1.0,28.742925364018998,28.937858733730998,28.655205347649,28.820898711904,10155635.0
2015-10-19,29.43,29.525,29.21,29.48,8974967.0,0.0,1.0,28.684445353106,28.777038703719,28.470018646423,28.733178695534,8974967.0
2015-10-16,29.38,29.52,28.99,29.48,13572962.0,0.0,1.0,28.635712010678,28.772165369476,28.255591939740004,28.733178695534,13572962.0
2015-10-15,28.79,29.3,28.46,29.26,11379931.0,0.0,1.0,28.060658570028,28.557738662793003,27.739018510003,28.518751988850997,11379931.0
2015-10-14,28.62,28.92,28.49,28.55,7396785.0,0.0,1.0,27.894965205773,28.187365260340005,27.768258515459994,27.826738526373,7396785.0
2015-10-13,28.38,29.01,28.38,28.7,7912878.0,0.0,1.0,27.661045162118,28.275085276711,27.661045162118,27.972938553657,7912878.0
2015-10-12,28.61,28.72,28.415,28.67,6431361.0,0.0,1.0,27.885218537287003,27.992431890629,27.695158501818,27.943698548201,6431361.0
2015-10-09,28.64,28.99,28.31,28.68,9138778.0,0.0,1.0,27.914458542744,28.255591939740004,27.592818482719,27.953445216686,9138778.0
2015-10-08,28.09,28.67,27.95,28.57,12875003.0,0.0,1.0,27.378391776036,27.943698548201,27.241938417238003,27.846231863344997,12875003.0
2015-10-07,28.48,28.6389,27.97,28.2,19545698.0,0.0,1.0,27.758511846974002,27.913386409209995,27.261431754209,27.485605129377998,19545698.0
2015-10-06,28.03,28.48,28.03,28.16,13325136.0,0.0,1.0,27.319911765123,27.758511846974002,27.319911765123,27.446618455435,13325136.0
2015-10-05,28.29,28.68,28.18,28.35,13829187.0,0.0,1.0,27.573325145748,27.953445216686,27.466111792406,27.631805156662,13829187.0
2015-10-02,26.88,28.06,26.71,28.04,19137833.0,0.0,1.0,26.199044889278998,27.349151770579,26.033351525024,27.329658433608,19137833.0
2015-10-01,27.08,27.29,26.825,27.2,21849192.0,0.0,1.0,26.393978258990998,26.598658297188,26.145438212608,26.510938280818,21849192.0
2015-09-30,25.98,27.02,25.92,26.98,26798389.0,0.0,1.0,25.321844725576,26.335498248077002,25.263364714662,26.296511574135,26798389.0
2015-09-29,25.47,25.83,25.17,25.8,28462316.0,0.0,1.0,24.824764632810002,25.175644698291997,24.532364578242003,25.146404692835002,28462316.0
2015-09-28,25.7,25.75,25.15,25.19,14238259.0,0.0,1.0,25.048938007979,25.097671350407,24.512871241271,24.551857915214,14238259.0
2015-09-25,26.06,26.07,25.55,25.73,14562510.0,0.0,1.0,25.39981807346,25.409564741946,24.902737980695,25.078178013436,14562510.0
2015-09-24,26.13,26.29,25.755,25.95,18582737.0,0.0,1.0,25.468044752859,25.623991448629,25.102544684650002,25.292604720118998,18582737.0
2015-09-23,26.41,26.48,26.16,26.28,11189668.0,0.0,1.0,25.740951470456,25.809178149854997,25.497284758316002,25.614244780143,11189668.0
2015-09-22,26.52,26.52,25.92,26.35,13700557.0,0.0,1.0,25.848164823797998,25.848164823797998,25.263364714662,25.682471459543,13700557.0
2015-09-21,26.43,26.65,26.173000000000002,26.45,23446237.0,0.0,1.0,25.760444807427,25.974871514110003,25.509955427348,25.779938144399,23446237.0
2015-09-18,26.47,26.75,26.22,26.31,94630755.0,0.0,1.0,25.79943148137,26.072338198965998,25.55576476923,25.6434847856,94630755.0
2015-09-17,26.82,27.19,26.62,26.78,18252258.0,0.0,1.0,26.140564878366,26.501191612333002,25.945631508654,26.101578204423,18252258.0
2015-09-16,26.46,26.85,26.43,26.74,13604599.0,0.0,1.0,25.789684812884,26.169804883821996,25.760444807427,26.062591530481,13604599.0
2015-09-15,26.61,26.65,26.2,26.57,13318431.0,0.0,1.0,25.935884840168,25.974871514110003,25.536271432259003,25.896898166226002,13318431.0
2015-09-14,26.54,26.54,26.09,26.32,12806954.0,0.0,1.0,25.867658160769,25.867658160769,25.429058078917,25.653231454085997,12806954.0
2015-09-11,26.46,26.49,25.99,26.45,9959923.0,0.0,1.0,25.789684812884,25.818924818341,25.331591394060997,25.779938144399,9959923.0
2015-09-10,25.29,26.81,25.29,26.51,12087543.0,0.0,1.0,24.64932460007,26.130818209879997,24.64932460007,25.838418155312,12087543.0
2015-09-09,27.27,27.4831,26.4125,26.48,14983034.0,0.0,1.0,26.579164960217,26.786866465644998,25.743388137578002,25.809178149854997,14983034.0
2015-09-08,26.86,27.13,26.7,27.05,12877776.0,0.0,1.0,26.179551552308002,26.442711601419,26.023604856538,26.364738253534004,12877776.0
2015-09-04,26.3,26.71,26.16,26.47,13647074.0,0.15,1.0,25.633738117115,26.033351525024,25.497284758316002,25.79943148137,13647074.0
2015-09-03,27.04,27.36,26.75,26.87,13837602.0,0.0,1.0,26.206484870632,26.516620786261,25.925424197094003,26.041725165455,13837602.0
2015-09-02,26.84,26.95,26.37,26.95,12508575.0,0.0,1.0,26.012649923364002,26.119259144362,25.557137797284998,26.119259144362,12508575.0
2015-09-01,26.79,27.1,26.4,26.6,22047117.0,0.0,1.0,25.964191186546998,26.264635354813,25.586213039375,25.780047986642998,22047117.0
2015-08-31,27.7,27.79,27.325,27.39,16302302.0,0.0,1.0,26.846140196616997,26.933365922887003,26.482699670489,26.545696028351003,16302302.0
2015-08-28,27.48,28.01,27.315,27.92,12825509.0,0.0,1.0,26.632921754622,27.146584364882003,26.473007923126,27.059358638612,12825509.0
2015-08-27,27.63,28.12,27.13,27.8,28426667.0,0.0,1.0,26.778297965072998,27.25319358588,26.293710596903,26.943057670251,28426667.0
2015-08-26,27.29,27.37,26.595,27.34,24824549.0,0.0,1.0,26.448778554717002,26.526312533625003,25.775202112961,26.497237291534,24824549.0
2015-08-25,27.26,27.51,26.73,26.73,30427787.0,0.0,1.0,26.419703312627,26.661996996712,25.906040702367,25.906040702367,30427787.0
2015-08-24,24.82,27.605,22.81,26.66,27802262.0,0.0,1.0,24.054916955958,26.754068596665,22.106875735914002,25.838198470823002,27802262.0
2015-08-21,28.34,28.57,27.94,27.94,23673030.0,0.0,1.0,27.466412027873996,27.689322217233,27.078742133337997,27.078742133337997,23673030.0
2015-08-20,29.63,29.7,28.67,28.7,24615260.0,0.0,1.0,28.716647437753,28.784489669297,27.786239690867,27.815314932957,24615260.0
2015-08-19,30.08,30.12,29.9,29.96,21481691.0,0.0,1.0,29.152776069106,29.19154305856,28.978324616564997,29.036475100745,21481691.0
2015-08-18,30.22,30.535,30.065,30.19,18712306.0,0.0,1.0,29.288460532193998,29.593750574141,29.138238448061,29.259385290103,18712306.0
2015-08-17,30.01,30.585,29.86,30.53,10923553.0,0.0,1.0,29.084933837561998,29.642209310958,28.939557627111,29.588904700459,10923553.0
2015-08-14,30.02,30.35,29.85,30.27,18949710.0,0.0,1.0,29.094625584926,29.414453247918,28.929865879748,29.336919269011002,18949710.0
2015-08-13,30.04,30.24,29.8,30.12,19338075.0,0.0,1.0,29.114009079652,29.307844026919998,28.881407142931,29.19154305856,19338075.0
2015-08-12,29.92,30.16,29.62,30.08,23127874.0,0.0,1.0,28.997708111292,29.230310048013,28.70695569039,29.152776069106,23127874.0
2015-08-11,30.55,30.62,29.865,30.05,27328036.0,0.0,1.0,29.608288195186,29.676130426729998,28.944403500792998,29.123700827016002,27328036.0
2015-08-10,30.87,31.1,30.45,30.66,26209897.0,0.0,1.0,29.918424110815,30.141334300173,29.511370721552,29.714897416183,26209897.0
2015-08-07,29.61,30.79,29.61,30.69,29626886.0,0.0,1.0,28.697263943025998,29.840890131907,28.697263943025998,29.743972658273,29626886.0
2015-08-06,29.85,30.15,27.56,29.87,94066301.0,0.0,1.0,28.929865879748,29.22061830065,26.710455733529,28.949249374475002,94066301.0
2015-08-05,33.32,33.41,31.52,31.92,51269805.0,0.0,1.0,32.292902214847004,32.380127941118005,30.548387689436,30.936057583971,51269805.0
2015-08-04,34.42,34.7,34.165,34.33,10770208.0,0.0,1.0,33.358994424821,33.630363350997,33.111854867055,33.271768698551,10770208.0
2015-08-03,34.62,34.62,34.19,34.38,11352101.0,0.0,1.0,33.552829372089,33.552829372089,33.136084235463,33.320227435368,11352101.0
2015-07-31,34.31,34.64,34.13,34.49,21624656.0,0.0,1.0,33.252385203824,33.572212866816,33.077933751283005,33.426836656365,21624656.0
2015-07-30,34.0,34.385,33.685,34.04,21781721.0,0.0,1.0,32.951941035559,33.325073309049,32.646650993612,32.990708025012005,21781721.0
2015-07-29,33.39,34.07,33.39,34.01,10396506.0,0.0,1.0,32.360744446391,33.019783267102,32.360744446391,32.961632782922,10396506.0
2015-07-28,33.25,33.69,33.07,33.63,10064880.0,0.0,1.0,32.225059983304,32.651496867293,32.050608530762,32.593346383113,10064880.0
2015-07-27,33.67,33.85,33.07,33.17,8701044.0,0.0,1.0,32.632113372565996,32.806564825108,32.050608530762,32.147526004396,8701044.0
2015-07-24,33.24,33.8,33.23,33.66,13075838.0,0.0,1.0,32.215368235940005,32.758106088291,32.205676488577,32.622421625202996,13075838.0
2015-07-23,33.55,33.65,33.04,33.23,8253050.0,0.0,1.0,32.515812404206,32.61272987784,32.021533288671996,32.205676488577,8253050.0
2015-07-22,33.87,33.99,33.51,33.69,5384831.0,0.0,1.0,32.825948319834,32.942249288195,32.477045414752,32.651496867293,5384831.0
2015-07-21,33.85,33.95,33.48,33.51,6896887.0,0.0,1.0,32.806564825108,32.903482298742,32.447970172662004,32.477045414752,6896887.0
2015-07-20,33.71,33.95,33.5,33.84,7782247.0,0.0,1.0,32.67088036202,32.903482298742,32.467353667389,32.796873077744,7782247.0
2015-07-17,34.02,34.27,33.445,33.99,11539654.0,0.0,1.0,32.971324530285,33.21361821437,32.41404905689,32.942249288195,11539654.0
2015-07-16,34.18,34.27,34.05,34.25,5959717.0,0.0,1.0,33.1263924881,33.21361821437,33.000399772376,33.194234719644,5959717.0
2015-07-15,33.61,34.04,33.59,33.93,7675087.0,0.0,1.0,32.573962888386,32.990708025012005,32.554579393659,32.884098804015004,7675087.0
2015-07-14,33.72,33.89,33.59,33.66,6937124.0,0.0,1.0,32.680572109383,32.845331814561,32.554579393659,32.622421625202996,6937124.0
2015-07-13,33.31,33.77,33.29,33.67,12884361.0,0.0,1.0,32.283210467484004,32.7290308462,32.263826972757,32.632113372565996,12884361.0
2015-07-10,32.77,33.28,32.76,33.105,9675603.0,0.0,1.0,31.759856109859996,32.254135225394,31.750164362497,32.084529646534,9675603.0
2015-07-09,32.52,32.75,32.44,32.48,9937740.0,0.0,1.0,31.517562425774997,31.740472615134,31.440028446868,31.478795436322,9937740.0
2015-07-08,32.42,32.7,32.17,32.22,9961327.0,0.0,1.0,31.420644952141,31.692013878317,31.178351268056,31.226810004873,9961327.0
2015-07-07,32.63,32.73,32.0114,32.68,10398510.0,0.0,1.0,31.624171646773,31.721089120407,31.024640154872998,31.67263038359,10398510.0
2015-07-06,32.14,32.81,32.05,32.57,11008061.0,0.0,1.0,31.149276025966,31.798623099314,31.062050299696,31.566021162592,11008061.0
2015-07-02,32.66,32.9,32.33,32.36,10806143.0,0.0,1.0,31.653246888863002,31.885848825584997,31.333419225871,31.362494467961003,10806143.0
2015-07-01,32.77,33.02,32.575,32.6,10298647.0,0.0,1.0,31.759856109859996,32.002149793944994,31.570867036274,31.595096404682998,10298647.0
2015-06-30,32.62,32.91,32.36,32.545,14752607.0,0.0,1.0,31.614479899408998,31.895540572947997,31.362494467961003,31.541791794183997,14752607.0
2015-06-29,32.78,32.945,32.22,32.295,13108518.0,0.0,1.0,31.769547857224,31.929461688720004,31.226810004873,31.299498110099,13108518.0
2015-06-26,33.0,33.45,32.93,32.94,31263477.0,0.0,1.0,31.982766299218998,32.418894930572,31.914924067675,31.924615815038,31263477.0
2015-06-25,33.03,33.26,32.94,32.96,8240346.0,0.0,1.0,32.011841541308996,32.234751730667,31.924615815038,31.943999309765,8240346.0
2015-06-24,33.26,33.35,32.95,32.98,10650192.0,0.0,1.0,32.234751730667,32.321977456938,31.934307562402,31.963382804492003,10650192.0
2015-06-23,33.25,33.47,33.2,33.42,10003424.0,0.0,1.0,32.225059983304,32.438278425298,32.176601246487,32.389819688481005,10003424.0
2015-06-22,33.12,33.49,33.12,33.27,9263689.0,0.0,1.0,32.099067267579,32.457661920025004,32.099067267579,32.24444347803,9263689.0
2015-06-19,32.99,33.32,32.81,32.91,25747218.0,0.0,1.0,31.973074551855003,32.292902214847004,31.798623099314,31.895540572947997,25747218.0
2015-06-18,32.8,33.09,32.68,33.02,12784208.0,0.0,1.0,31.788931351951,32.069992025489,31.67263038359,32.002149793944994,12784208.0
2015-06-17,32.38,32.79,32.22,32.69,15010421.0,0.0,1.0,31.381877962687998,31.779239604587,31.226810004873,31.682322130953,15010421.0
2015-06-16,32.48,32.55,32.17,32.26,10193555.0,0.0,1.0,31.478795436322,31.546637667866,31.178351268056,31.265576994327002,10193555.0
2015-06-15,32.31,32.54,32.14,32.46,19672711.0,0.0,1.0,31.314035731144,31.536945920502,31.149276025966,31.459411941595,19672711.0
2015-06-12,32.8,32.84,32.56,32.695,9147181.0,0.0,1.0,31.788931351951,31.827698341404,31.556329415229,31.687168004635,9147181.0
2015-06-11,33.01,33.19,32.53,32.9,16628515.0,0.0,1.0,31.992458046581998,32.166909499123,31.527254173139,31.885848825584997,16628515.0
2015-06-10,32.95,33.24,32.81,32.96,13565712.0,0.0,1.0,31.934307562402,32.215368235940005,31.798623099314,31.943999309765,13565712.0
2015-06-09,32.99,33.1,32.74,32.805,17060651.0,0.0,1.0,31.973074551855003,32.079683772852995,31.73078086777,31.793777225632,17060651.0
2015-06-08,33.26,33.3,32.97,33.07,9752103.0,0.0,1.0,32.234751730667,32.273518720121004,31.953691057128,32.050608530762,9752103.0
2015-06-05,33.49,33.59,32.98,33.3,11283877.0,0.0,1.0,32.457661920025004,32.554579393659,31.963382804492003,32.273518720121004,11283877.0
2015-06-04,33.33,33.73,33.2,33.57,13172322.0,0.0,1.0,32.302593962211,32.690263856746995,32.176601246487,32.535195898932,13172322.0
2015-06-03,33.76,33.778,33.38,33.635,12613868.0,0.0,1.0,32.719339098837,32.736784244091,32.351052699028,32.598192256795,12613868.0
2015-06-02,33.36,33.825,33.36,33.405,14612323.0,0.0,1.0,32.331669204301,32.782335456699,32.331669204301,32.375282067436,14612323.0
2015-06-01,33.79,33.86,33.375,33.58,13967502.0,0.0,1.0,32.748414340927,32.816256572471,32.346206825345995,32.544887646296,13967502.0
2015-05-29,33.84,33.97,33.46,33.6,20250854.0,0.0,1.0,32.796873077744,32.922865793468,32.428586677935,32.564271141023,20250854.0
2015-05-28,34.06,34.09,33.755,33.96,11025585.0,0.0,1.0,33.010091519739,33.039166761829,32.714493225155,32.913174046105,11025585.0
2015-05-27,33.99,34.26,33.87,34.155,10369241.0,0.0,1.0,32.942249288195,33.203926467007,32.825948319834,33.102163119691,10369241.0
2015-05-26,34.26,34.29,33.74,33.95,11325324.0,0.0,1.0,33.203926467007,33.233001709096996,32.699955604109995,32.903482298742,11325324.0
2015-05-22,34.54,34.63,34.15,34.25,10442089.0,0.0,1.0,33.475295393182,33.562521119453,33.09731724601,33.194234719644,10442089.0
2015-05-21,34.48,34.830999999999996,34.48,34.61,8881031.0,0.0,1.0,33.417144909002,33.757325241456996,33.417144909002,33.543137624726,8881031.0
2015-05-20,34.36,34.69,34.2,34.56,12514182.0,0.0,1.0,33.300843940640995,33.620671603633,33.145775982827,33.494678887909004,12514182.0
2015-05-19,34.02,34.56,33.97,34.36,18821840.0,0.0,1.0,32.971324530285,33.494678887909004,32.922865793468,33.300843940640995,18821840.0
2015-05-18,33.91,34.215,33.665,33.68,11261460.0,0.0,1.0,32.864715309288,33.160313603872,32.627267498885004,32.64180511993,11261460.0
2015-05-15,33.39,34.0,33.3501,33.99,18502620.0,0.0,1.0,32.360744446391,32.951941035559,32.322074374411,32.942249288195,18502620.0
2015-05-14,33.13,33.34,33.04,33.33,10437378.0,0.0,1.0,32.108759014943,32.312285709574,32.021533288671996,32.302593962211,10437378.0
2015-05-13,32.66,33.03,32.62,32.92,12216529.0,0.0,1.0,31.653246888863002,32.011841541308996,31.614479899408998,31.905232320310997,12216529.0
2015-05-12,32.64,32.84,32.38,32.605,13104044.0,0.0,1.0,31.633863394136,31.827698341404,31.381877962687998,31.599942278364,13104044.0
2015-05-11,32.79,33.03,32.76,32.79,15071051.0,0.0,1.0,31.779239604587,32.011841541308996,31.750164362497,31.779239604587,15071051.0
2015-05-08,33.0,33.13,32.745,32.79,22946873.0,0.0,1.0,31.982766299218998,32.108759014943,31.735626741452,31.779239604587,22946873.0
2015-05-07,33.35,33.36,32.34,32.78,53877863.0,0.0,1.0,32.321977456938,32.331669204301,31.343110973234,31.769547857224,53877863.0
2015-05-06,33.97,34.07,33.475,33.68,18442635.0,0.0,1.0,32.922865793468,33.019783267102,32.443124298979996,32.64180511993,18442635.0
2015-05-05,34.49,34.57,33.9,33.92,13349885.0,0.0,1.0,33.426836656365,33.504370635272004,32.855023561925,32.874407056651,13349885.0
2015-05-04,34.67,34.675,34.19,34.47,8346803.0,0.0,1.0,33.601288108906004,33.606133982588,33.136084235463,33.407453161637996,8346803.0
2015-05-01,34.15,34.635,34.09,34.5,7117940.0,0.0,1.0,33.09731724601,33.567366993133994,33.039166761829,33.436528403729,7117940.0
2015-04-30,34.5,34.695,33.87,34.08,13128640.0,0.0,1.0,33.436528403729,33.625517477315,32.825948319834,33.029475014466,13128640.0
2015-04-29,34.33,35.15,34.31,34.62,14704234.0,0.0,1.0,33.271768698551,34.06649198235,33.252385203824,33.552829372089,14704234.0
2015-04-28,34.5,34.69,34.33,34.53,6528254.0,0.0,1.0,33.436528403729,33.620671603633,33.271768698551,33.465603645819,6528254.0
2015-04-27,34.6,34.985,34.48,34.51,6425164.0,0.0,1.0,33.533445877363,33.906578150853,33.417144909002,33.446220151092,6425164.0
2015-04-24,34.38,34.65,34.03,34.65,6298945.0,0.0,1.0,33.320227435368,33.58190461418,32.981016277649005,33.58190461418,6298945.0
2015-04-23,33.88,34.57,33.85,34.345,9766828.0,0.0,1.0,32.835640067198,33.504370635272004,32.806564825108,33.286306319596,9766828.0
2015-04-22,33.98,34.19,33.695,34.04,9433106.0,0.0,1.0,32.932557540832,33.136084235463,32.656342740975,32.990708025012005,9433106.0
2015-04-21,33.94,34.22,33.83,33.95,9665730.0,0.0,1.0,32.893790551378004,33.165159477553,32.787181330380996,32.903482298742,9665730.0
2015-04-20,33.61,34.145,33.61,33.94,8443405.0,0.0,1.0,32.573962888386,33.092471372328,32.573962888386,32.893790551378004,8443405.0
2015-04-17,33.61,33.72,33.25,33.43,13436607.0,0.0,1.0,32.573962888386,32.680572109383,32.225059983304,32.399511435845,13436607.0
2015-04-16,33.96,34.19,33.89,33.995,8369309.0,0.0,1.0,32.913174046105,33.136084235463,32.845331814561,32.947095161876994,8369309.0
2015-04-15,34.14,34.45,33.98,34.04,12308895.0,0.0,1.0,33.087625498646,33.388069666911996,32.932557540832,32.990708025012005,12308895.0
2015-04-14,33.95,34.28,33.73,34.11,10661903.0,0.0,1.0,32.903482298742,33.223309961733996,32.690263856746995,33.058550256556,10661903.0
2015-04-13,34.42,34.46,33.9915,34.06,10101583.0,0.0,1.0,33.358994424821,33.397761414274996,32.9437030503,33.010091519739,10101583.0
2015-04-10,34.48,34.49,34.155,34.34,9160807.0,0.0,1.0,33.417144909002,33.426836656365,33.102163119691,33.281460445914,9160807.0
2015-04-09,34.17,34.5,34.01,34.36,9222486.0,0.0,1.0,33.116700740736,33.436528403729,32.961632782922,33.300843940640995,9222486.0
2015-04-08,34.83,34.83,33.865,34.125,12125950.0,0.0,1.0,33.756356066721004,33.756356066721004,32.821102446153,33.073087877601,12125950.0
2015-04-07,34.4,34.61,34.12,34.245,11964164.0,0.0,1.0,33.339610930095,33.543137624726,33.068242003919,33.189388845962,11964164.0
2015-04-06,33.82,34.56,33.75,34.44,10030319.0,0.0,1.0,32.777489583017,33.494678887909004,32.709647351474,33.378377919548,10030319.0
2015-04-02,33.66,34.17,33.51,34.04,8407402.0,0.0,1.0,32.622421625202996,33.116700740736,32.477045414752,32.990708025012005,8407402.0
2015-04-01,33.83,34.05,33.19,33.58,14896595.0,0.0,1.0,32.787181330380996,33.000399772376,32.166909499123,32.544887646296,14896595.0
2015-03-31,34.41,34.53,33.76,33.84,12670646.0,0.0,1.0,33.349302677458,33.465603645819,32.719339098837,32.796873077744,12670646.0
2015-03-30,33.88,34.51,33.78,34.26,10932846.0,0.0,1.0,32.835640067198,33.446220151092,32.738722593564,33.203926467007,10932846.0
2015-03-27,33.85,34.16,33.68,33.7,8329250.0,0.0,1.0,32.806564825108,33.107008993373,32.64180511993,32.661188614657,8329250.0
2015-03-26,33.93,34.145,33.72,33.94,12024354.0,0.0,1.0,32.884098804015004,33.092471372328,32.680572109383,32.893790551378004,12024354.0
2015-03-25,34.95,35.13,34.19,34.26,14297328.0,0.0,1.0,33.872657035082,34.047108487623,33.136084235463,33.203926467007,14297328.0
2015-03-24,35.56,35.66,35.05,35.07,10096756.0,0.0,1.0,34.463853624249,34.560771097883,33.969574508716,33.988958003442,10096756.0
2015-03-23,35.24,35.85,35.2,35.55,11470907.0,0.0,1.0,34.15371770862,34.744914297788,34.114950719167,34.454161876886,11470907.0
2015-03-20,34.78,35.53,34.55,35.3,20322405.0,0.0,1.0,33.707897329904,34.434778382159,33.484987140546,34.211868192801,20322405.0
2015-03-19,35.0,35.115,34.46,34.46,11542167.0,0.0,1.0,33.921115771899,34.032570866578,33.397761414274996,33.397761414274996,11542167.0
2015-03-18,33.88,34.99,33.8,34.92,16296358.0,0.0,1.0,32.835640067198,33.911424024534995,32.758106088291,33.843581792990996,16296358.0
2015-03-17,34.14,34.15,33.78,33.87,15200183.0,0.0,1.0,33.087625498646,33.09731724601,32.738722593564,32.825948319834,15200183.0
2015-03-16,34.23,34.55,34.06,34.35,8423281.0,0.0,1.0,33.174851224917,33.484987140546,33.010091519739,33.291152193277995,8423281.0
2015-03-13,34.5,34.64,33.58,34.02,16225597.0,0.0,1.0,33.436528403729,33.572212866816,32.544887646296,32.971324530285,16225597.0
2015-03-12,34.37,34.65,34.24,34.575,11295725.0,0.0,1.0,33.310535688003995,33.58190461418,33.18454297228,33.509216508954,11295725.0
2015-03-11,34.25,34.395,33.94,34.19,11435514.0,0.0,1.0,33.194234719644,33.334765056413005,32.893790551378004,33.136084235463,11435514.0
2015-03-10,34.4,34.58,34.08,34.29,14160177.0,0.0,1.0,33.339610930095,33.514062382636,33.029475014466,33.233001709096996,14160177.0
2015-03-09,34.5,34.79,34.42,34.72,8668070.0,0.15,1.0,33.436528403729,33.717589077267,33.358994424821,33.649746845723,8668070.0
2015-03-06,34.73,34.94,34.43,34.495,10689601.0,0.0,1.0,33.514646055405,33.717297240883,33.225144361866,33.287869728799,10689601.0
2015-03-05,35.26,35.26,34.86,34.87,11141221.0,0.0,1.0,34.026099047325,34.026099047325,33.640096789272,33.649746845723,11141221.0
2015-03-04,35.58,35.6,34.66,34.97,22855666.0,0.0,1.0,34.334900853766,34.354200966669005,33.447095660246,33.746247410236,22855666.0
2015-03-03,34.97,35.66,34.96,35.64,15718022.0,0.0,1.0,33.746247410236,34.412101305377,33.736597353785,34.392801192473996,15718022.0
2015-03-02,35.0,35.22,34.95,35.155,10437300.0,0.0,1.0,33.77519757959,33.987498821519,33.726947297334,33.924773454586,10437300.0
2015-02-27,34.88,35.05,34.62,35.0,18643721.0,0.0,1.0,33.659396902175004,33.823447861847,33.408495434441,33.77519757959,18643721.0
2015-02-26,34.78,34.885999999999996,34.55,34.815,16811302.0,0.0,1.0,33.562896337662,33.665186936045,33.340945039281,33.596671535241,16811302.0
2015-02-25,35.14,35.505,34.89,34.9,17644538.0,0.0,1.0,33.910298369909,34.262525430382,33.669046958626,33.678697015077,17644538.0
2015-02-24,35.38,35.57,35.2,35.24,14882260.0,0.0,1.0,34.14189972474001,34.325250797315,33.968198708617,34.006798934422,14882260.0
2015-02-23,35.24,35.38,34.99,35.365,12776008.0,0.0,1.0,34.006798934422,34.14189972474001,33.765547523139,34.127424640063,12776008.0
2015-02-20,34.89,35.31,34.53,35.3,12620927.0,0.0,1.0,33.669046958626,34.074349329581,33.321644926379,34.064699273129996,12620927.0
2015-02-19,34.65,34.87,34.46,34.8,9307787.0,0.0,1.0,33.437445603795,33.649746845723,33.254094531220005,33.582196450564,9307787.0
2015-02-18,35.2,35.35,34.47,34.66,12137972.0,0.0,1.0,33.968198708617,34.112949555386,33.263744587671,33.447095660246,12137972.0
2015-02-17,34.68,35.06,34.45,35.06,12991601.0,0.0,1.0,33.466395773148,33.833097918298,33.244444474768,33.833097918298,12991601.0
2015-02-13,34.45,34.92,34.33,34.715,12138371.0,0.0,1.0,33.244444474768,33.697997127979995,33.128643797353,33.500170970728,12138371.0
2015-02-12,34.94,34.99,34.2,34.41,19079602.0,0.0,1.0,33.717297240883,33.765547523139,33.003193063485,33.205844248963,19079602.0
2015-02-11,34.42,34.829,34.21,34.815,14119629.0,0.0,1.0,33.215494305414,33.610181614273,33.012843119937,33.596671535241,14119629.0
2015-02-10,34.2,34.61,33.88,34.46,13447578.0,0.0,1.0,33.003193063485,33.398845377989,32.694391257044,33.254094531220005,13447578.0
2015-02-09,33.51,34.13,33.43,34.05,17959892.0,0.0,1.0,32.337339168345,32.935642668326004,32.260138716735,32.858442216716,17959892.0
2015-02-06,32.88,33.84,32.72,33.58,16532387.0,0.0,1.0,31.729385611911997,32.655791031237996,31.574984708691,32.404889563504,16532387.0
2015-02-05,32.8,33.15,32.54,32.8,37682118.0,0.0,1.0,31.652185160302,31.989937136098,31.401283692568,31.652185160302,37682118.0
2015-02-04,34.59,35.09,34.1501,34.66,22721362.0,0.0,1.0,33.379545265086996,33.862048087652,32.955039281793,33.447095660246,22721362.0
